frame_idx,read_time,color_ts,depth_ts,ts_diff_ms,color_frame_num,depth_frame_num,is_desync,depth_mean,loop_time_ms
0,0.04393804500000442,1769159056760.2627,1769159055445.879,1314.3837890625,34,6,True,643.8027111016595,44.568934999915655
1,0.1730457959999967,1769159056889.6704,1769159056889.6538,0.0166015625,38,4,False,662.3473513950668,0.5800799999633455
2,0.3015855159999319,1769159057018.6238,1769159057018.6074,0.016357421875,42,8,False,659.9509497318314,0.38622700003543287
3,0.42238656800009267,1769159057115.211,1769159057115.1946,0.016357421875,45,11,False,664.7516058028231,0.3547280000475439
4,0.5395800109999982,1769159057243.85,1769159057243.8337,0.016357421875,49,15,False,663.7390422284158,0.3453130000252713
5,0.658940111999982,1769159057340.4043,1769159057340.388,0.016357421875,52,18,False,659.3551072977631,0.35686299997905735
6,0.7688695239999106,1769159057469.2874,1769159057469.271,0.016357421875,56,22,False,662.495986970378,0.45981900007063814
7,0.8793914749999203,1769159057565.9802,1769159057565.9636,0.0166015625,59,25,False,662.6384810185854,0.5886530000225321
8,0.990246174000049,1769159057662.7686,1769159057662.7522,0.016357421875,62,28,False,664.0672231260758,0.4304909998609219
9,1.10166591899997,1769159057791.9944,1769159057791.978,0.016357421875,66,32,False,667.2660735948241,0.3993309999259509
10,1.2135470959999566,1769159057888.7034,1769159057888.687,0.016357421875,69,35,False,661.8883383893399,0.34971700006281026
11,1.323659293999981,1769159057985.003,1769159057984.9866,0.016357421875,72,38,False,662.6230222890604,0.34357899994574836
12,1.4366667199999483,1769159058112.7651,1769159058112.749,0.01611328125,76,42,False,663.4671325557231,0.36609200014936505
13,1.5481412999999975,1769159058208.1094,1769159058208.0933,0.01611328125,79,45,False,643.3931651699303,0.33535499983372574
14,1.6551059819998954,1769159058303.044,1769159058303.028,0.015869140625,82,48,False,642.6260596954648,0.39713000001029286
15,1.7647690809999403,1769159058397.5693,1769159058397.5532,0.01611328125,85,51,False,642.9530494105089,3.5492649999468995
16,1.8761870769999405,1769159058522.9663,1769159058522.9502,0.01611328125,89,55,False,641.3813029302602,0.3306769999653625
17,1.9814024939998944,1769159058616.5361,1769159058616.5203,0.015869140625,92,58,False,641.4624831004958,0.40659399996911816
18,2.0918014260000746,1769159058712.1184,1769159058712.1013,0.01708984375,95,61,False,638.7979887940271,0.3358129999924131
19,2.2020950450000782,1769159058845.607,1769159058845.59,0.016845703125,99,65,False,641.736238312647,0.41992199999185686
20,2.3124681960000544,1769159058945.7192,1769159058945.7021,0.01708984375,102,68,False,642.5811902460351,0.32837899993864994
21,2.4228224660000706,1769159059045.828,1769159059045.8108,0.01708984375,105,71,False,642.5288753591697,0.34645599998839316
22,2.528884380999898,1769159059145.9326,1769159059145.9158,0.016845703125,108,74,False,642.2225117640621,0.3655789998902037
23,2.6402005649999865,1769159059279.4004,1769159059279.3833,0.01708984375,112,78,False,643.9186886612307,0.42540799995549605
24,2.7504395690000365,1769159059379.4966,1769159059379.4797,0.016845703125,115,81,False,643.6220291161984,0.3367629999502242
25,2.8572332339999775,1769159059479.5894,1769159059479.5725,0.016845703125,118,84,False,642.7569733647896,0.3382310001143196
26,2.9691725049999604,1769159059613.0408,1769159059613.024,0.016845703125,122,88,False,642.9149969392606,0.39060399990376027
27,3.0794914739999513,1769159059713.051,1769159059713.034,0.01708984375,125,91,False,643.4211386059101,0.34087499989254866
28,3.190734144000089,1769159059812.8928,1769159059812.876,0.016845703125,128,94,False,642.6009135261356,0.34796199997799704
29,3.3026504360000217,1769159059945.9749,1769159059945.958,0.016845703125,132,98,False,642.9550526470478,0.4340230000252632
30,3.4105370100000982,1769159060045.756,1769159060045.7393,0.016845703125,135,101,False,643.1793834165014,0.6115440000939998
31,3.5383847549999246,1769159060178.7573,1769159060178.7402,0.01708984375,139,105,False,643.1914133907369,0.3455989999565645
32,3.6477395930000966,1769159060278.4778,1769159060278.4607,0.01708984375,142,108,False,643.6929203539823,0.3261200001816178
33,3.7563494359999368,1769159060378.172,1769159060378.1553,0.016845703125,145,111,False,643.2511510749624,0.34421099985593173
34,3.8627343319999454,1769159060477.8406,1769159060477.8237,0.016845703125,148,114,False,643.5562205691667,0.32576800003880635
35,3.9742079610000474,1769159060610.6914,1769159060610.6746,0.016845703125,152,118,False,642.8884803754382,0.41224899996450404
36,4.084529770000017,1769159060710.4558,1769159060710.439,0.016845703125,155,121,False,643.097761288361,0.341965999950844
37,4.194746591000012,1769159060810.516,1769159060810.4993,0.016845703125,158,124,False,643.4249892417298,0.3892759998507245
38,4.304496039000014,1769159060943.9324,1769159060943.9155,0.016845703125,162,128,False,643.0935358564375,0.35862599997926736
39,4.414900945999989,1769159061043.9966,1769159061043.9795,0.01708984375,165,131,False,642.951243071294,0.552817999960098
40,4.525125934000016,1769159061144.062,1769159061144.0452,0.016845703125,168,134,False,642.7993373072128,0.36427800000637944
41,4.636901414000022,1769159061277.4854,1769159061277.4685,0.016845703125,172,138,False,640.7407286045376,0.35066400005234755
42,4.748364707000064,1769159061377.5547,1769159061377.5378,0.016845703125,175,141,False,631.8476982848091,0.3357670000241342
43,4.859298438999986,1769159061477.6255,1769159061477.6086,0.016845703125,178,144,False,628.6116779096576,0.4296280001199193
44,4.971183511999925,1769159061611.056,1769159061611.0388,0.01708984375,182,148,False,631.5269871587169,0.3388739999081736
45,5.084304829000075,1769159061711.172,1769159061711.155,0.01708984375,185,151,False,631.8758162357169,0.3395220001038979
46,5.19509868199998,1769159061811.38,1769159061811.3628,0.01708984375,188,154,False,630.2651077578118,0.4229770001984434
47,5.308391748000076,1769159061945.0063,1769159061944.9893,0.01708984375,192,158,False,560.4553127812617,0.404578999905425
48,5.429139487999919,1769159062045.2383,1769159062045.2214,0.016845703125,195,161,False,554.3703554671486,0.3405099998872174
49,5.547799041999951,1769159062178.8972,1769159062178.8801,0.01708984375,199,165,False,559.7578920011127,0.3307979998226074
50,5.670982502000015,1769159062312.5742,1769159062312.5574,0.016845703125,203,169,False,576.5830906341449,0.37649299997610797
51,5.777663098999938,1769159062412.8442,1769159062412.8271,0.01708984375,206,172,False,581.3623288099556,0.3415040000618319
52,5.887775574999978,1769159062513.1245,1769159062513.1074,0.01708984375,209,175,False,584.8264160139252,0.32858899999155256
53,5.994743051999876,1769159062613.415,1769159062613.3982,0.016845703125,212,178,False,586.2589435924531,0.37152000004425645
54,6.104719615000022,1769159062746.9937,1769159062746.9766,0.01708984375,216,182,False,591.8575470186123,0.4223210000873223
55,6.213807386000099,1769159062847.0647,1769159062847.0479,0.016845703125,219,185,False,587.1704663212436,0.3408420000141632
56,6.324133219000032,1769159062947.1357,1769159062947.1187,0.01708984375,222,188,False,584.125671194073,0.34309000011489843
57,6.432327595000061,1769159063047.2065,1769159063047.1897,0.016845703125,225,191,False,589.1482053140265,0.34402699998281605
58,6.538739910000004,1769159063180.6343,1769159063180.6174,0.016845703125,229,195,False,594.03433400553,0.3309490000447113
59,6.64767950800001,1769159063280.705,1769159063280.688,0.01708984375,232,198,False,596.705034531078,0.3794649999235844
60,6.7590862869999455,1769159063380.7756,1769159063380.7585,0.01708984375,235,201,False,599.0705489128562,0.34601400011524674
61,6.864836206000064,1769159063480.846,1769159063480.829,0.016845703125,238,204,False,599.2704765791722,0.33294400009253877
62,6.973220552999919,1769159063614.2732,1769159063614.256,0.01708984375,242,208,False,597.9899978135401,0.3324889999021252
63,7.0858633889999965,1769159063714.3433,1769159063714.3264,0.016845703125,245,211,False,597.6003254305175,0.3366490000189515
64,7.197084317999952,1769159063814.4136,1769159063814.3967,0.016845703125,248,214,False,598.5030090880363,0.43972499997835257
65,7.3125254930000665,1769159063947.8406,1769159063947.8235,0.01708984375,252,218,False,600.7072257477397,0.33677500005069305
66,7.425103175000004,1769159064047.9106,1769159064047.8938,0.016845703125,255,221,False,605.0463569300659,0.33618899988141493
67,7.53896321000002,1769159064181.3374,1769159064181.3203,0.01708984375,259,225,False,607.9135174745167,0.37389900012385624
68,7.652322453999886,1769159064281.4072,1769159064281.3901,0.01708984375,262,228,False,609.8635148173673,0.3288450000127341
69,7.7624927280000975,1769159064381.477,1769159064381.46,0.01708984375,265,231,False,610.2848801718876,0.33826399999270507
70,7.8742996900000435,1769159064514.9033,1769159064514.8862,0.01708984375,269,235,False,610.2700917683924,0.3360279999924387
71,7.987414940000008,1769159064614.973,1769159064614.9558,0.01708984375,272,238,False,608.7086936527311,0.3272389999438019
72,8.096364401000073,1769159064715.043,1769159064715.0261,0.016845703125,275,241,False,605.2553656755924,0.3463709999778075
73,8.206910072000028,1769159064848.4717,1769159064848.4548,0.016845703125,279,245,False,603.4972729502223,0.3329940000185161
74,8.313124361000064,1769159064948.5432,1769159064948.5264,0.016845703125,282,248,False,602.7171472252584,0.3441040000780049
75,8.422442390000015,1769159065048.6147,1769159065048.598,0.016845703125,285,251,False,601.8004235173428,0.343286000088483
76,8.531600592999894,1769159065148.6863,1769159065148.6694,0.016845703125,288,254,False,601.2130337281162,0.34220199995615985
77,8.641388127000027,1769159065282.115,1769159065282.0981,0.016845703125,292,258,False,602.1787563598781,0.38528999994014157
78,8.749773295000068,1769159065382.1865,1769159065382.1697,0.016845703125,295,261,False,603.7446300963524,0.3382469999451132
79,8.855831351999996,1769159065482.258,1769159065482.241,0.01708984375,298,264,False,602.3763411906044,0.32327000008081086
80,8.964851959000043,1769159065582.3296,1769159065582.3125,0.01708984375,301,267,False,602.1753524171928,0.3489769999305281
81,9.073567722000007,1769159065715.758,1769159065715.7412,0.016845703125,305,271,False,601.9240334583372,0.3626449999956094
82,9.178372731000081,1769159065815.8293,1769159065815.8123,0.01708984375,308,274,False,601.5047960229109,0.39149100007307425
83,9.284308930999941,1769159065915.9006,1769159065915.8835,0.01708984375,311,277,False,602.48957000344,0.341961000003721
84,9.38841205299991,1769159066015.9717,1769159066015.9546,0.01708984375,314,280,False,603.125499825104,0.32895800018195587
85,9.487706645999879,1769159066116.043,1769159066116.026,0.01708984375,317,283,False,602.7367363040719,0.3359700001510646
86,9.593860636000045,1769159066216.114,1769159066216.097,0.01708984375,320,286,False,602.6612586950688,0.3267399999913323
87,9.697789992000025,1769159066316.185,1769159066316.1682,0.016845703125,323,289,False,602.4728103375376,0.34735600002022693
88,9.802220931999955,1769159066416.256,1769159066416.2393,0.016845703125,326,292,False,602.316452658929,0.38113799996608577
89,9.907307492999962,1769159066549.6843,1769159066549.6672,0.01708984375,330,296,False,602.9110767592449,0.3348749999076972
90,10.009105871999964,1769159066649.7554,1769159066649.7383,0.01708984375,333,299,False,604.8258975048435,0.3290180000021792
91,10.115128669999876,1769159066749.827,1769159066749.8098,0.01708984375,336,302,False,608.6378483580532,0.34447300004103454
92,10.221895732999883,1769159066849.8984,1769159066849.8816,0.016845703125,339,305,False,613.1311869871748,0.33235399996556225
93,10.327318259000094,1769159066949.9702,1769159066949.9531,0.01708984375,342,308,False,615.9619548481137,0.3659559999960038
94,10.433218386999897,1769159067050.0417,1769159067050.0247,0.01708984375,345,311,False,617.3444747798785,0.40090000015879923
95,10.541116551999949,1769159067183.4705,1769159067183.4536,0.016845703125,349,315,False,619.399845568251,0.3531770000790857
96,10.64664364400005,1769159067283.5422,1769159067283.5251,0.01708984375,352,318,False,619.9475007038121,0.3368560001035803
97,10.75583554700006,1769159067383.6138,1769159067383.5967,0.01708984375,355,321,False,620.1514257052012,0.3556590002062876
98,10.863068187999943,1769159067483.6853,1769159067483.6685,0.016845703125,358,324,False,620.8379528890187,0.33864700003505277
99,10.971053938000068,1769159067583.757,1769159067583.74,0.01708984375,361,327,False,620.8021595416483,0.4066409999268217
100,11.081999332999885,1769159067717.1865,1769159067717.1694,0.01708984375,365,331,False,620.9517908105988,0.34585999992486904
101,11.188675682999929,1769159067817.2603,1769159067817.2432,0.01708984375,368,334,False,620.7619084669276,0.3326350001771061
102,11.295927308000046,1769159067917.334,1769159067917.3171,0.016845703125,371,337,False,620.8584490303064,0.3308319999177911
103,11.40347306600006,1769159068017.408,1769159068017.3909,0.01708984375,374,340,False,620.7330151694779,0.3763209999760875
104,11.508524541000043,1769159068150.8398,1769159068150.8228,0.01708984375,378,344,False,620.0210495138148,0.32827399991219863
105,11.615926822999882,1769159068250.9138,1769159068250.8967,0.01708984375,381,347,False,620.0913513913359,0.33506399995530955
106,11.72063558900004,1769159068350.9878,1769159068350.971,0.016845703125,384,350,False,619.8537007423367,0.32954299990706204
107,11.828396974000043,1769159068451.062,1769159068451.045,0.01708984375,387,353,False,620.0929155285752,0.3681339999275224
108,11.93398283700003,1769159068551.1362,1769159068551.1191,0.01708984375,390,356,False,620.6055289128185,0.3263430000970402
109,12.042247434000046,1769159068684.5684,1769159068684.5515,0.016845703125,394,360,False,621.9448475512947,0.519551000024876
110,12.148893775000033,1769159068784.6416,1769159068784.6248,0.016845703125,397,363,False,622.6241188173659,0.328960999922856
111,12.253515735000065,1769159068884.7148,1769159068884.698,0.016845703125,400,366,False,623.374813282776,0.36378799995873123
112,12.363208143000065,1769159068984.788,1769159068984.7712,0.016845703125,403,369,False,623.5201449476222,0.3513159999783966
113,12.465024355999958,1769159069084.8616,1769159069084.8445,0.01708984375,406,372,False,623.3616155809904,0.33871000005092355
114,12.57192919299996,1769159069184.9348,1769159069184.9177,0.01708984375,409,375,False,623.320462314279,0.402964999921096
115,12.678490004999958,1769159069318.366,1769159069318.3489,0.01708984375,413,379,False,623.660525513832,0.3380620000825729
116,12.78569185099991,1769159069418.4395,1769159069418.4224,0.01708984375,416,382,False,623.7487056344164,0.3313750000870641
117,12.896204317999945,1769159069518.5127,1769159069518.4958,0.016845703125,419,385,False,622.5502516317008,0.3322120001030271
118,13.00212709199991,1769159069618.5862,1769159069618.5693,0.016845703125,422,388,False,621.3416671750344,0.3329830001348455
119,13.10969035700009,1769159069752.0159,1769159069751.9988,0.01708984375,426,392,False,619.783584291883,0.5013489999328158
120,13.217475542000102,1769159069852.0867,1769159069852.0696,0.01708984375,429,395,False,620.1387192745855,0.33864800002447737
121,13.325896216000046,1769159069952.1575,1769159069952.1404,0.01708984375,432,398,False,619.9960746127864,0.3314940001928335
122,13.432981104999953,1769159070052.2283,1769159070052.2112,0.01708984375,435,401,False,620.0580785168734,0.3694560000440106
123,13.587508497000044,1769159070219.0127,1769159070218.9956,0.01708984375,440,406,False,618.4910314889864,0.40005800019571325
124,13.699947090000023,1769159070319.0835,1769159070319.0664,0.01708984375,443,409,False,617.27442956644,0.36481500001173117
125,13.812839785000051,1769159070452.511,1769159070452.494,0.01708984375,447,413,False,616.0580344781614,0.32826699998622644
126,13.925783871000021,1769159070552.5815,1769159070552.5647,0.016845703125,450,416,False,615.5914434675935,0.32775299996501417
127,14.03824626200003,1769159070652.6523,1769159070652.6353,0.01708984375,453,419,False,615.5457886884578,0.3846739998607518
128,14.148287286999903,1769159070786.0806,1769159070786.0635,0.01708984375,457,423,False,616.3164921775899,0.33866400008264463
129,14.259938109999894,1769159070886.1519,1769159070886.1348,0.01708984375,460,426,False,615.7166977520369,0.33649800002422126
130,14.370612883999911,1769159070986.2231,1769159070986.206,0.01708984375,463,429,False,615.6369244632954,0.33600500000829925
131,14.482089688000087,1769159071119.6516,1769159071119.6345,0.01708984375,467,433,False,615.7272699557949,0.33777199996620766
132,14.597901357999945,1769159071219.723,1769159071219.7058,0.01708984375,470,436,False,616.535999783582,0.3443820000939013
133,14.711001719000024,1769159071353.1514,1769159071353.1343,0.01708984375,474,440,False,617.5249549190569,0.4487780001909414
134,14.821508219999942,1769159071453.2227,1769159071453.2056,0.01708984375,477,443,False,617.3867974594118,0.44061500011594035
135,14.931914498999959,1769159071553.294,1769159071553.2769,0.01708984375,480,446,False,616.8563169483054,0.3260210000917141
136,15.04523638899991,1769159071686.7222,1769159071686.7053,0.016845703125,484,450,False,615.0039053023155,0.3341520000503806
137,15.156862592999914,1769159071786.7954,1769159071786.7783,0.01708984375,487,453,False,614.5508063179332,0.3353470001457026
138,15.271840212999905,1769159071886.8684,1769159071886.8516,0.016845703125,490,456,False,614.6807275818104,0.36842200006503845
139,15.386949103000006,1769159072020.2993,1769159072020.2825,0.016845703125,494,460,False,614.9576217003013,0.34142000004067086
140,15.500620975999936,1769159072120.3726,1769159072120.3557,0.016845703125,497,463,False,616.2640070371873,0.33452000002398563
141,15.616994470999998,1769159072253.8037,1769159072253.7866,0.01708984375,501,467,False,618.4197543037643,0.3430970000408706
142,15.727072945999907,1769159072353.877,1769159072353.8599,0.01708984375,504,470,False,618.9077433289682,0.35742000000027474
143,15.840189666000015,1769159072453.9502,1769159072453.933,0.01708984375,507,473,False,617.5760195246991,0.3332599999339436
144,15.952267315999961,1769159072587.3813,1769159072587.3643,0.01708984375,511,477,False,618.5234629263975,0.3300430000763299
145,16.064831228000003,1769159072687.4546,1769159072687.4375,0.01708984375,514,480,False,618.2734871758233,0.3900169999724312
146,16.17901102299993,1769159072820.8853,1769159072820.8682,0.01708984375,518,484,False,619.0972642313268,0.36758700002792466
147,16.289800844999945,1769159072920.9583,1769159072920.9414,0.016845703125,521,487,False,619.0681936473702,0.36472100009632413
148,16.402266971000017,1769159073021.0315,1769159073021.0144,0.01708984375,524,490,False,618.3149980119555,0.33073600002353487
149,16.516856609999877,1769159073154.4622,1769159073154.4453,0.016845703125,528,494,False,618.4350752217642,0.3378060000613914
150,16.628103048999947,1769159073254.5354,1769159073254.5183,0.01708984375,531,497,False,617.3551223682514,0.33688300004541816
151,16.740877756999907,1769159073354.6084,1769159073354.5916,0.016845703125,534,500,False,615.9359377811272,0.33720900000844267
152,16.853348207999943,1769159073488.0393,1769159073488.0225,0.016845703125,538,504,False,615.4734491028541,0.3767450000395911
153,16.968154526000035,1769159073588.1125,1769159073588.0955,0.01708984375,541,507,False,614.031671869368,0.40974300009111175
154,17.081130313999893,1769159073721.5427,1769159073721.526,0.016845703125,545,511,False,614.1436677273716,0.3703459999542247
155,17.195999309999934,1769159073821.614,1769159073821.5972,0.016845703125,548,514,False,612.1080121045693,0.3439869999510847
156,17.306914056000096,1769159073921.6853,1769159073921.6682,0.01708984375,551,517,False,609.8195562943112,0.33683499987091636
157,17.41962056400007,1769159074055.1135,1769159074055.0964,0.01708984375,555,521,False,608.7404443390794,0.33175199996549054
158,17.53487286199993,1769159074155.1848,1769159074155.1677,0.01708984375,558,524,False,608.2950771526275,0.3381950000402867
159,17.652038516999937,1769159074288.613,1769159074288.596,0.01708984375,562,528,False,607.4896265981538,0.35237700012658024
160,17.765557304999902,1769159074388.684,1769159074388.6672,0.016845703125,565,531,False,608.3569218282352,0.344993999988219
161,17.87974555699998,1769159074522.1123,1769159074522.0955,0.016845703125,569,535,False,608.9545811846501,0.38336800002980453
162,17.991949158999887,1769159074622.1836,1769159074622.1665,0.01708984375,572,538,False,612.300371425578,0.5752330000632355
163,18.1060077919999,1769159074722.2551,1769159074722.238,0.01708984375,575,541,False,614.4905581115551,0.34325599995099765
164,18.218915917999993,1769159074855.6846,1769159074855.6677,0.016845703125,579,545,False,617.2717895146988,0.3515820001211978
165,18.332796921999943,1769159074955.7568,1769159074955.74,0.016845703125,582,548,False,617.6290362113251,0.33279099989158567
166,18.44244598599994,1769159075055.829,1769159075055.812,0.01708984375,585,551,False,617.8193892262659,0.3391239999928075
167,18.574814199000002,1769159075189.2588,1769159075189.2417,0.01708984375,589,555,False,618.4423125219749,0.36538299991661916
168,18.686855824000077,1769159075322.6885,1769159075322.6714,0.01708984375,593,559,False,618.7899057331679,0.34353299997746944
169,18.794933493999906,1769159075422.7607,1769159075422.7437,0.01708984375,596,562,False,618.5729857883566,0.3700509998907364
170,18.907707189999883,1769159075522.833,1769159075522.816,0.01708984375,599,565,False,617.7996076346359,0.3251260000070033
171,19.020846738000046,1769159075656.2627,1769159075656.2456,0.01708984375,603,569,False,617.9246541860097,0.3324220001559297
172,19.13378945999989,1769159075756.3364,1769159075756.3196,0.016845703125,606,572,False,616.5519285632389,0.3467129999989993
173,19.247565427999916,1769159075889.7695,1769159075889.7524,0.01708984375,610,576,False,612.8392984919467,0.6534569999985251
174,19.362322233999976,1769159075989.8442,1769159075989.8274,0.016845703125,613,579,False,608.6850740769535,0.3435569999510335
175,19.473170930999913,1769159076089.9192,1769159076089.902,0.01708984375,616,582,False,604.9606247833445,0.4610109999703127
176,19.58860753299996,1769159076223.3525,1769159076223.3354,0.01708984375,620,586,False,597.3455928000357,0.39525299985143647
177,19.703784865999978,1769159076323.4275,1769159076323.4104,0.01708984375,623,589,False,592.145290211298,0.3435109999827546
178,19.817037807999895,1769159076456.8608,1769159076456.8438,0.01708984375,627,593,False,590.3048388660379,0.32593899982202856
179,19.92736107299993,1769159076556.9358,1769159076556.919,0.016845703125,630,596,False,590.2379313094334,0.3324399999655725
180,20.041129127999966,1769159076657.011,1769159076656.9941,0.016845703125,633,599,False,591.2629815397503,0.34230899996146036
181,20.153976949000025,1769159076790.444,1769159076790.427,0.01708984375,637,603,False,597.7645916670103,0.3431630000250152
182,20.26960946700001,1769159076890.5186,1769159076890.5015,0.01708984375,640,606,False,601.8700336447064,0.42329799998697126
183,20.386278379000032,1769159077023.9514,1769159077023.9343,0.01708984375,644,610,False,604.829146191332,0.3546630000528239
184,20.50307191999991,1769159077124.0261,1769159077124.009,0.01708984375,647,613,False,605.5852025500625,0.40742600003795815
185,20.615060919999905,1769159077257.4592,1769159077257.4421,0.01708984375,651,617,False,606.3888922909438,0.3802889998496539
186,20.730374541999936,1769159077357.534,1769159077357.517,0.016845703125,654,620,False,608.0709929839828,0.3442800000357238
187,20.842213721999997,1769159077457.609,1769159077457.5918,0.01708984375,657,623,False,610.3836206604112,0.5443880002076185
188,20.954777323999906,1769159077591.0422,1769159077591.0251,0.01708984375,661,627,False,613.8405809384651,0.33140900018224784
189,21.068936241000074,1769159077691.1172,1769159077691.1,0.01708984375,664,630,False,615.8716836190341,0.35250699988864653
190,21.183341475999896,1769159077824.5464,1769159077824.5295,0.016845703125,668,634,False,618.366789722836,0.40146099991034134
191,21.29397299900006,1769159077924.6184,1769159077924.6016,0.016845703125,671,637,False,619.179392252503,0.3343909997965966
192,21.4071961059999,1769159078024.6904,1769159078024.6733,0.01708984375,674,640,False,619.9824253491596,0.5255089999991469
193,21.52093147200003,1769159078158.1196,1769159078158.1028,0.016845703125,678,644,False,620.0424332875247,0.32898799986469385
194,21.630558677999943,1769159078258.1917,1769159078258.1746,0.01708984375,681,647,False,619.5759390934892,0.33274299994445755
195,21.743863967999914,1769159078358.2634,1769159078358.2466,0.016845703125,684,650,False,618.9782661559973,0.3341850001561397
196,21.857672157000025,1769159078491.6929,1769159078491.6758,0.01708984375,688,654,False,618.84386362332,0.33383599998160207
197,21.972968578000064,1769159078591.7646,1769159078591.7476,0.01708984375,691,657,False,618.7625689252732,0.326011999959519
198,22.08879002799995,1769159078725.195,1769159078725.178,0.01708984375,695,661,False,616.1748631471909,0.37727699987044616
199,22.204416825999942,1769159078825.2703,1769159078825.2534,0.016845703125,698,664,False,614.1326602640241,0.42019100010293187
200,22.31967685299992,1769159078958.7043,1769159078958.6873,0.01708984375,702,668,False,611.0713347906301,0.3623319998951047
201,22.436170863999905,1769159079058.7798,1769159079058.7627,0.01708984375,705,671,False,609.1705481906126,0.3652999998848827
202,22.550800596000045,1769159079192.2139,1769159079192.197,0.016845703125,709,675,False,608.1799881445547,0.32510999994883605
203,22.66599552899993,1769159079292.2896,1769159079292.2727,0.016845703125,712,678,False,607.7751895324752,0.8944319999955042
204,22.783221400000002,1769159079425.7239,1769159079425.7068,0.01708984375,716,682,False,607.9879993441144,0.34812300009434693
205,22.898650725999914,1769159079525.7998,1769159079525.7827,0.01708984375,719,685,False,607.9923753044583,0.3360959999554325
206,23.010732853000036,1769159079625.8755,1769159079625.8586,0.016845703125,722,688,False,608.4841293384752,0.32738999993853213
207,23.127479539999968,1769159079759.3064,1769159079759.2896,0.016845703125,726,692,False,611.02284964512,0.3312779999760096
208,23.243516648999957,1769159079859.377,1769159079859.3599,0.01708984375,729,695,False,612.4655375597298,0.5461109999487235
209,23.35583594900004,1769159079992.804,1769159079992.787,0.016845703125,733,699,False,617.3692961476617,0.38579900001423084
210,23.47038859899999,1769159080092.8743,1769159080092.8572,0.01708984375,736,702,False,623.0610992268693,0.46983599986560876
211,23.583951278000086,1769159080226.3013,1769159080226.2842,0.01708984375,740,706,False,628.7910769456622,0.33490300006633333
212,23.694399097000087,1769159080326.3716,1769159080326.3545,0.01708984375,743,709,False,628.6022134698964,0.49168000009558455
213,23.804937428999892,1769159080426.4417,1769159080426.4246,0.01708984375,746,712,False,628.6000543008266,0.3330370000185212
214,23.917406518000007,1769159080559.8684,1769159080559.8516,0.016845703125,750,716,False,629.3045452106971,0.4520589998264768
215,24.028953716999922,1769159080659.9385,1769159080659.9216,0.016845703125,753,719,False,629.0186422038036,0.45413599991661613
216,24.140514402000008,1769159080760.0107,1769159080759.9937,0.01708984375,756,722,False,628.9041481997242,0.3366470000401023
217,24.251079620999917,1769159080893.4417,1769159080893.4248,0.016845703125,760,726,False,629.1276320997096,0.37722100000792125
218,24.363063753999995,1769159080993.515,1769159080993.498,0.016845703125,763,729,False,629.2628876345744,0.5392049999954907
219,24.472699293000005,1769159081093.5881,1769159081093.5713,0.016845703125,766,732,False,629.3373376221285,0.36300500005381764
220,24.584930328999917,1769159081227.0193,1769159081227.0022,0.01708984375,770,736,False,630.051558833165,0.40891999992709316
221,24.693831069999987,1769159081327.0925,1769159081327.0757,0.016845703125,773,739,False,629.9305918516516,0.4458030000478175
222,24.80471567099994,1769159081427.166,1769159081427.149,0.01708984375,776,742,False,630.4165909060524,0.3384740000456077
223,24.918247541000028,1769159081560.597,1769159081560.58,0.016845703125,780,746,False,630.3835598116841,0.3957280000577157
224,25.028581210000084,1769159081660.6704,1769159081660.6533,0.01708984375,783,749,False,630.4598441353589,0.46562700003960344
225,25.139857165999956,1769159081760.743,1769159081760.7258,0.01708984375,786,752,False,628.8976812772289,0.41063999992729805
226,25.25183687799995,1769159081894.172,1769159081894.155,0.01708984375,790,756,False,625.6302223634268,0.34046700011458597
227,25.364616025000032,1769159081994.2441,1769159081994.227,0.01708984375,793,759,False,624.2701220686463,0.5354669999633188
228,25.472391461999905,1769159082094.3162,1769159082094.299,0.01708984375,796,762,False,623.7067808283928,0.33401100017727003
229,25.58541923300004,1769159082227.7454,1769159082227.7283,0.01708984375,800,766,False,622.7566414319864,0.4317460000038409
230,25.697979924000037,1769159082327.8171,1769159082327.8003,0.016845703125,803,769,False,622.1900485510698,0.43718400002035196
231,25.809715520000054,1769159082427.8892,1769159082427.872,0.01708984375,806,772,False,622.1434059375138,0.33965099987653957
232,25.922313652999946,1769159082561.3184,1769159082561.3013,0.01708984375,810,776,False,620.8408359312326,0.3325149998545385
233,26.03488562000007,1769159082661.3901,1769159082661.3733,0.016845703125,813,779,False,621.0500263563376,0.4639539999971021
234,26.14515561999997,1769159082761.4604,1769159082761.4436,0.016845703125,816,782,False,619.8727345244614,0.33892800001922296
235,26.259093841000094,1769159082894.8867,1769159082894.8696,0.01708984375,820,786,False,618.2439248609224,0.3431600000567414
236,26.373608502000025,1769159082994.956,1769159082994.9392,0.016845703125,823,789,False,617.2699887101899,0.5270270000892197
237,26.486423506999927,1769159083128.382,1769159083128.365,0.01708984375,827,793,False,616.4777715174478,0.43772099979833
238,26.601161909999973,1769159083228.4512,1769159083228.4343,0.016845703125,830,796,False,616.5060419901438,0.48377000007349125
239,26.713244454000005,1769159083328.5205,1769159083328.5037,0.016845703125,833,799,False,616.3491211284177,0.38269799983936537
240,26.82684531399991,1769159083461.946,1769159083461.9292,0.016845703125,837,803,False,615.849544697802,0.32775499994386337
241,26.94069141099999,1769159083562.0154,1769159083561.9983,0.01708984375,840,806,False,616.2318236136454,0.43336200019439275
242,27.053803978999895,1769159083695.4407,1769159083695.4238,0.016845703125,844,810,False,615.9170718338595,0.33360700012963207
243,27.166750645000093,1769159083795.5142,1769159083795.497,0.01708984375,847,813,False,616.0009948537396,0.5066659998647083
244,27.281317814999966,1769159083895.5874,1769159083895.5703,0.01708984375,850,816,False,616.2534313593177,0.3773500000079366
245,27.39575713299996,1769159084029.0186,1769159084029.0015,0.01708984375,854,820,False,616.7359004527633,0.3498030000628205
246,27.509146568999995,1769159084129.092,1769159084129.075,0.01708984375,857,823,False,616.7507749075002,0.6706019999001
247,27.620351832000097,1769159084262.5232,1769159084262.5063,0.016845703125,861,827,False,617.0143654043851,0.5119709999235056
248,27.73333717299988,1769159084362.5967,1769159084362.5798,0.016845703125,864,830,False,617.0429666727249,0.43198000003030756
249,27.847059787000035,1769159084462.6702,1769159084462.6533,0.016845703125,867,833,False,616.7251503002633,0.33839299999272043
250,27.963798443000087,1769159084596.1016,1769159084596.0847,0.016845703125,871,837,False,616.6526959201249,0.32902999987527437
251,28.07670813300001,1769159084696.175,1769159084696.1582,0.016845703125,874,840,False,616.3986617190417,0.512318999881245
252,28.18837466900004,1769159084829.605,1769159084829.5881,0.016845703125,878,844,False,615.9759857343666,0.35570899990489124
253,28.30262660900007,1769159084929.6775,1769159084929.6606,0.016845703125,881,847,False,615.3150964797431,0.48178199995163595
254,28.416394867000008,1769159085029.75,1769159085029.733,0.01708984375,884,850,False,614.8203974768509,0.3949499998725514
255,28.527068289,1769159085163.18,1769159085163.1628,0.01708984375,888,854,False,614.3505400018853,0.3381910000825883
256,28.641397378999955,1769159085263.2524,1769159085263.2354,0.01708984375,891,857,False,613.9119738832495,0.5041090000759141
257,28.755685000000085,1769159085396.6824,1769159085396.6655,0.016845703125,895,861,False,613.7930940444887,0.3286179999122396
258,28.867635457000006,1769159085496.755,1769159085496.738,0.016845703125,898,864,False,613.3332300051552,0.4424329999892507
259,28.978258422999943,1769159085596.8274,1769159085596.8105,0.016845703125,901,867,False,612.7740125196146,0.3411800000776566
260,29.091470231999892,1769159085730.2568,1769159085730.2397,0.01708984375,905,871,False,612.847362495055,0.3617429999849264
261,29.2083652419999,1769159085830.327,1769159085830.3098,0.01708984375,908,874,False,612.5165802740893,0.5125259999658738
262,29.321305810000013,1769159085963.7537,1769159085963.7366,0.01708984375,912,878,False,610.8835584836786,0.38478700002997357
263,29.436082536999947,1769159086063.8235,1769159086063.8066,0.016845703125,915,881,False,609.0058016107282,0.4683199999817589
264,29.547784869999987,1769159086163.8936,1769159086163.8765,0.01708984375,918,884,False,607.1328094462817,0.3324870001506497
265,29.659539412999948,1769159086297.32,1769159086297.303,0.01708984375,922,888,False,606.6132904718169,0.33516600001348706
266,29.774931122999988,1769159086397.39,1769159086397.3728,0.01708984375,925,891,False,606.1162941433328,0.5366319999211555
267,29.889161161999937,1769159086530.8162,1769159086530.799,0.01708984375,929,895,False,606.5973546992242,0.33582700007173116
268,30.00069475300006,1769159086630.8857,1769159086630.8687,0.01708984375,932,898,False,603.6170548269218,0.43933999995715567
269,30.11532955000007,1769159086730.9563,1769159086730.9392,0.01708984375,935,901,False,597.7958596578161,0.35475300001053256
270,30.225090163999994,1769159086864.386,1769159086864.369,0.01708984375,939,905,False,593.2937466920807,0.3644579999217967
271,30.33625982400008,1769159086964.4583,1769159086964.4412,0.01708984375,942,908,False,590.456904130641,0.4644509999707225
272,30.447586994999938,1769159087064.5305,1769159087064.5134,0.01708984375,945,911,False,590.2286953034243,0.32887499992284575
273,30.55800356000009,1769159087197.9602,1769159087197.943,0.01708984375,949,915,False,590.4788400793993,0.32427199994344846
274,30.668673589000036,1769159087298.0325,1769159087298.0154,0.01708984375,952,918,False,590.959387621969,0.4395280000153434
275,30.780814125999996,1769159087398.1045,1769159087398.0876,0.016845703125,955,921,False,591.2941781440662,0.32892600006562134
276,30.891364081999882,1769159087531.5342,1769159087531.517,0.01708984375,959,925,False,592.0824304131772,0.31805900016479427
277,31.00248619099989,1769159087631.6064,1769159087631.5894,0.01708984375,962,928,False,592.5957769554925,0.5244569999831583
278,31.11358691999999,1769159087731.6782,1769159087731.6611,0.01708984375,965,931,False,592.5326219881866,0.33705999999256164
279,31.226195409999946,1769159087865.1067,1769159087865.0898,0.016845703125,969,935,False,592.2667778456821,0.3594469999370631
280,31.336790155000017,1769159087965.1782,1769159087965.1611,0.01708984375,972,938,False,593.3723585101237,0.4491709999001614
281,31.442717046000098,1769159088065.2495,1769159088065.2324,0.01708984375,975,941,False,594.4625788999098,0.3282180000496737
282,31.556161318000022,1769159088198.678,1769159088198.661,0.01708984375,979,945,False,594.7635107848112,0.4357130001153564
283,31.66549142200006,1769159088298.7493,1769159088298.7322,0.01708984375,982,948,False,594.9492477059164,0.6039960001089639
284,31.776372876000096,1769159088398.8206,1769159088398.8035,0.01708984375,985,951,False,595.1526725186709,0.33922299985533755
285,31.885877751999942,1769159088498.8918,1769159088498.8748,0.01708984375,988,954,False,595.7878175360036,0.49826899999061425
286,32.00081778999993,1769159088632.3203,1769159088632.3032,0.01708984375,992,958,False,595.6746528244528,0.3576209999209823
287,32.10933522899995,1769159088732.391,1769159088732.3743,0.016845703125,995,961,False,595.7048708525286,0.6920340001670411
288,32.21801631299991,1769159088832.4614,1769159088832.4446,0.016845703125,998,964,False,595.1460611186753,0.35447499999463616
289,32.319113058000084,1769159088932.5317,1769159088932.5146,0.01708984375,1001,967,False,595.0287144298966,0.43360599988773174
290,32.42375964300004,1769159089065.9587,1769159089065.9417,0.01708984375,1005,971,False,595.4819696106232,0.32372299983762787
291,32.529665643000044,1769159089166.0288,1769159089166.012,0.016845703125,1008,974,False,595.2775503621684,0.48681099997338606
292,32.63124926899991,1769159089266.099,1769159089266.082,0.01708984375,1011,977,False,595.4754908875715,0.36715500004902424
293,32.739402057999996,1769159089366.1692,1769159089366.152,0.01708984375,1014,980,False,594.7899838282707,0.47070899995560467
294,32.84602618200006,1769159089466.2393,1769159089466.2222,0.01708984375,1017,983,False,594.2160568854463,0.33447199984948384
295,32.94689212399999,1769159089566.3093,1769159089566.2922,0.01708984375,1020,986,False,594.4019541813886,0.3214140001546184
296,33.049808631999895,1769159089666.3794,1769159089666.3623,0.01708984375,1023,989,False,593.118813079362,0.32383999996454804
297,33.15242710799998,1769159089766.4502,1769159089766.4333,0.016845703125,1026,992,False,596.0362834095876,0.32610200014460133
298,33.26033550500006,1769159089899.879,1769159089899.8618,0.01708984375,1030,996,False,597.9339667196404,0.3588130000480305
299,33.36540943499995,1769159089999.9502,1769159089999.933,0.01708984375,1033,999,False,600.1024094725749,0.3287819999968633
300,33.46885305899991,1769159090100.0215,1769159090100.0046,0.016845703125,1036,1002,False,602.3193634425729,0.33041300002878415
301,33.5721420939999,1769159090200.0928,1769159090200.076,0.016845703125,1039,1005,False,602.7094661270746,0.39468100021622377
302,33.67712789899997,1769159090300.164,1769159090300.147,0.01708984375,1042,1008,False,603.4348783298126,0.4043120000005729
303,33.784294155,1769159090400.2354,1769159090400.2183,0.01708984375,1045,1011,False,604.760841710006,0.4310790000090492
304,33.891692149999926,1769159090533.6636,1769159090533.6465,0.01708984375,1049,1015,False,604.680995946412,0.5533409998861316
305,33.99754533400005,1769159090633.7346,1769159090633.7178,0.016845703125,1052,1018,False,603.6735724007742,0.3333369998017588
306,34.10259767699995,1769159090733.8062,1769159090733.7893,0.016845703125,1055,1021,False,604.4359616927568,0.3279569998539955
307,34.21148148499992,1769159090833.8787,1769159090833.8616,0.01708984375,1058,1024,False,604.6036252932823,0.353561000110858
308,34.32032434100006,1769159090933.951,1769159090933.934,0.016845703125,1061,1027,False,606.1937626679838,0.3396989998236677
309,34.42513114899998,1769159091067.3809,1769159091067.3638,0.01708984375,1065,1031,False,608.0499935210634,0.3736109999863402
310,34.53063116199996,1769159091167.4534,1769159091167.4363,0.01708984375,1068,1034,False,610.126222503238,0.33555599998180696
311,34.63557972400008,1769159091267.5256,1769159091267.5085,0.01708984375,1071,1037,False,611.4599182185572,0.3265089999331394
312,34.74500570400005,1769159091367.598,1769159091367.581,0.016845703125,1074,1040,False,610.9968880517566,0.3947750001316308
313,34.85228750400006,1769159091467.6704,1769159091467.6533,0.01708984375,1077,1043,False,609.958212019091,0.5892219999168447
314,34.95854914300003,1769159091601.1,1769159091601.0833,0.016845703125,1081,1047,False,605.9167340921558,0.3700960000969644
315,35.065292894000095,1769159091701.1726,1769159091701.1555,0.01708984375,1084,1050,False,604.1306099968185,0.48122699990926776
316,35.17042965299993,1769159091801.242,1769159091801.2249,0.01708984375,1087,1053,False,602.1126444465667,0.33031799989657884
317,35.27999875899991,1769159091901.3113,1769159091901.2942,0.01708984375,1090,1056,False,601.3161948731238,0.45853000005990907
318,35.387914506000016,1769159092001.3804,1769159092001.3635,0.016845703125,1093,1059,False,601.5090226870738,0.33183999994435
319,35.49480965399994,1769159092134.8062,1769159092134.789,0.01708984375,1097,1063,False,602.0841641130405,0.3304570000182139
320,35.603889855000034,1769159092234.8752,1769159092234.8584,0.016845703125,1100,1066,False,602.553334625099,0.3253689999382914
321,35.71631912399994,1769159092334.9446,1769159092334.9275,0.01708984375,1103,1069,False,603.4588738721951,0.6060410000827687
322,35.82594924399996,1769159092468.3699,1769159092468.353,0.016845703125,1107,1073,False,605.8514916902434,0.4856789998939348
323,35.931500843000094,1769159092568.439,1769159092568.422,0.016845703125,1110,1076,False,606.3617693148626,0.5501540001660032
324,36.040428991,1769159092668.508,1769159092668.491,0.01708984375,1113,1079,False,605.8847273873733,0.32800599979054823
325,36.14744255699998,1769159092768.5798,1769159092768.5627,0.01708984375,1116,1082,False,601.1766879041785,0.542352999900686
326,36.25966617800009,1769159092902.0105,1769159092901.9934,0.01708984375,1120,1086,False,591.4322488813775,0.47238899992407823
327,36.36616295399995,1769159093002.0835,1769159093002.0667,0.016845703125,1123,1089,False,586.6766839918647,0.4786510000940325
328,36.47112611400007,1769159093102.1567,1769159093102.1396,0.01708984375,1126,1092,False,593.2972744682306,0.37512499989134085
329,36.58035387199993,1769159093202.23,1769159093202.213,0.01708984375,1129,1095,False,598.1075878539748,0.5742920000102458
330,36.69419955700005,1769159093335.661,1769159093335.6438,0.01708984375,1133,1099,False,597.6143311156095,0.6775220001600246
331,36.802200438,1769159093435.7341,1769159093435.717,0.01708984375,1136,1102,False,596.6468528473586,0.4841909999413474
332,36.909535846999916,1769159093535.8074,1769159093535.7903,0.01708984375,1139,1105,False,597.8031044604356,0.33749599992916046
333,37.01930630399988,1769159093635.8806,1769159093635.8638,0.016845703125,1142,1108,False,598.5579565561119,0.5920040000546578
334,37.12707714699991,1769159093769.3103,1769159093769.2935,0.016845703125,1146,1112,False,588.1638502791226,0.575628999968103
335,37.23614664499996,1769159093869.3813,1769159093869.3645,0.016845703125,1149,1115,False,564.0555672379351,0.5241320000095584
336,37.34801308200008,1769159093969.4526,1769159093969.4355,0.01708984375,1152,1118,False,560.5950837259201,0.3180050000537449
337,37.45497556999999,1769159094069.5237,1769159094069.5066,0.01708984375,1155,1121,False,573.0885630267451,0.45438799998009927
338,37.5661826380001,1769159094202.9517,1769159094202.9346,0.01708984375,1159,1125,False,581.1766597122478,0.40427299995826615
339,37.674028071000066,1769159094303.0227,1769159094303.0056,0.01708984375,1162,1128,False,587.5425257102164,1.0339299999486684
340,37.784879118999925,1769159094403.0938,1769159094403.0767,0.01708984375,1165,1131,False,591.7388160347934,0.33413500000278873
341,37.89405769699988,1769159094536.5215,1769159094536.5046,0.016845703125,1169,1135,False,593.1494385527137,0.3536120000262599
342,38.00012037300007,1769159094636.5925,1769159094636.5754,0.01708984375,1172,1138,False,592.5693325452868,0.36626900009650853
343,38.11448793799991,1769159094736.6643,1769159094736.6475,0.016845703125,1175,1141,False,589.0132898774335,0.5072889998700703
344,38.22799695200001,1769159094870.096,1769159094870.0789,0.01708984375,1179,1145,False,585.4281223246741,0.50909599985971
345,38.340748864000034,1769159094970.1697,1769159094970.1526,0.01708984375,1182,1148,False,585.0993326220214,0.49118100014311494
346,38.44846684999993,1769159095070.2434,1769159095070.2266,0.016845703125,1185,1151,False,585.624695434283,0.3376920001301187
347,38.554579741,1769159095170.3174,1769159095170.3003,0.01708984375,1188,1154,False,587.112943769154,0.5053900001712464
348,38.66550092500006,1769159095303.7493,1769159095303.7324,0.016845703125,1192,1158,False,593.9081463707258,0.3343079999922338
349,38.77503697899988,1769159095403.8232,1769159095403.8064,0.016845703125,1195,1161,False,597.6376919733162,0.4386069999782194
350,38.88122274500006,1769159095503.8975,1769159095503.8804,0.01708984375,1198,1164,False,597.2379981280701,0.37391099999695143
351,38.98948490499993,1769159095603.9714,1769159095603.9546,0.016845703125,1201,1167,False,591.0562754714374,0.3338139999868872
352,39.0986675260001,1769159095737.403,1769159095737.386,0.01708984375,1205,1171,False,590.6220496295684,0.3312240000923339
353,39.20708404600009,1769159095837.4749,1769159095837.4578,0.01708984375,1208,1174,False,604.5633817790246,0.5144999997810373
354,39.314915875999986,1769159095937.5466,1769159095937.5295,0.01708984375,1211,1177,False,607.3780593068856,0.427594999791836
355,39.41940178799996,1769159096037.6184,1769159096037.6013,0.01708984375,1214,1180,False,608.8862902486478,0.4486379998525081
356,39.52895407899996,1769159096171.0474,1769159096171.0303,0.01708984375,1218,1184,False,609.4396604518237,0.36378200002218364
357,39.63598834000004,1769159096271.1191,1769159096271.102,0.01708984375,1221,1187,False,608.6501168582506,0.4592589998537733
358,39.74309802099992,1769159096371.191,1769159096371.1738,0.01708984375,1224,1190,False,609.7031254817723,0.3835679999610875
359,39.849146421999876,1769159096471.2625,1769159096471.2456,0.016845703125,1227,1193,False,608.9599990404156,0.4647849998491438
360,39.95805664499994,1769159096571.3342,1769159096571.3171,0.01708984375,1230,1196,False,606.5560579650705,0.34081400008290075
361,40.063590990999955,1769159096704.7632,1769159096704.746,0.01708984375,1234,1200,False,605.8533772484051,0.3656879998743534
362,40.171437491000006,1769159096804.834,1769159096804.8171,0.016845703125,1237,1203,False,606.4455931879849,0.4325379998135759
363,40.28493369099988,1769159096904.905,1769159096904.888,0.01708984375,1240,1206,False,607.5753602439049,0.3688849999434751
364,40.39218668400008,1769159097004.976,1769159097004.959,0.01708984375,1243,1209,False,607.0255693236822,0.5217629998242046
365,40.499118741000075,1769159097138.404,1769159097138.387,0.01708984375,1247,1213,False,606.9076592159254,0.34917199991468806
366,40.600454363999916,1769159097238.4749,1769159097238.458,0.016845703125,1250,1216,False,607.2310239639442,0.4554740000912716
367,40.709472632999905,1769159097338.546,1769159097338.5288,0.01708984375,1253,1219,False,605.7281065935864,0.3327189999708935
368,40.81674456099995,1769159097438.6167,1769159097438.5999,0.016845703125,1256,1222,False,607.0994560809199,0.4425329998412053
369,40.92196632299988,1769159097538.6877,1769159097538.6707,0.01708984375,1259,1225,False,606.7645376679062,0.3538490000210004
370,41.030050662999884,1769159097672.1157,1769159097672.0986,0.01708984375,1263,1229,False,607.1388713312081,0.4042440000375791
371,41.13757048499997,1769159097772.1868,1769159097772.1697,0.01708984375,1266,1232,False,606.9544546777205,0.3416259999085014
372,41.241172100000085,1769159097872.2578,1769159097872.2407,0.01708984375,1269,1235,False,607.0843488018559,0.3387409999504598
373,41.3425352889999,1769159097972.3289,1769159097972.3118,0.01708984375,1272,1238,False,606.8925681127573,0.32405299998572445
374,41.443938752999884,1769159098072.3997,1769159098072.3828,0.016845703125,1275,1241,False,606.2478171034747,0.34440500007804076
375,41.55017724100003,1769159098172.4707,1769159098172.4539,0.016845703125,1278,1244,False,606.1123904462662,0.4100050000488409
376,41.65357840999991,1769159098272.5417,1769159098272.5247,0.01708984375,1281,1247,False,605.781700489139,0.34044699987134663
377,41.756723272000045,1769159098372.6128,1769159098372.5957,0.01708984375,1284,1250,False,605.103088392632,0.34583900014695246
378,41.86358772900007,1769159098506.0408,1769159098506.0237,0.01708984375,1288,1254,False,604.9781546862271,0.3662950000489218
379,41.96774674700009,1769159098606.1116,1769159098606.0947,0.016845703125,1291,1257,False,605.8504816417702,0.5131130001245765
380,42.07348263800009,1769159098706.1826,1769159098706.1655,0.01708984375,1294,1260,False,604.9774693749381,0.34191200006716826
381,42.180076568000004,1769159098806.2556,1769159098806.2388,0.016845703125,1297,1263,False,604.371433739216,0.5973590000394324
382,42.28666020900005,1769159098906.3289,1769159098906.3118,0.01708984375,1300,1266,False,603.9487597666246,0.33903899998222187
383,42.391195157000084,1769159099006.4019,1769159099006.385,0.016845703125,1303,1269,False,603.8048522775301,0.44902799982082797
384,42.49387303000003,1769159099106.475,1769159099106.458,0.01708984375,1306,1272,False,604.2556018324277,3.6852150001323025
385,42.60229923599991,1769159099239.9058,1769159099239.8887,0.01708984375,1310,1276,False,604.5520823022231,0.3358849999131053
386,42.70877204999988,1769159099339.9788,1769159099339.962,0.016845703125,1313,1279,False,603.5630550076106,0.43569099989326787
387,42.812016816000096,1769159099440.052,1769159099440.035,0.01708984375,1316,1282,False,604.0426768073297,0.3323179998915293
388,42.91753902400001,1769159099540.125,1769159099540.1082,0.016845703125,1319,1285,False,604.2585218455956,0.46258999987003335
389,43.02078426999992,1769159099640.1982,1769159099640.1812,0.01708984375,1322,1288,False,605.4908298045852,0.3366360001564317
390,43.12349007900002,1769159099740.2712,1769159099740.2544,0.016845703125,1325,1291,False,605.528341280654,0.5685699998139171
391,43.23159819900002,1769159099873.7021,1769159099873.6853,0.016845703125,1329,1295,False,604.2124204333074,0.43765099985648703
392,43.33657478700002,1769159099973.7754,1769159099973.7583,0.01708984375,1332,1298,False,604.4734560657431,0.5799149998892972
393,43.4400174299999,1769159100073.8486,1769159100073.8315,0.01708984375,1335,1301,False,603.7080286452606,0.3447070000675012
394,43.54566569000008,1769159100173.9219,1769159100173.9048,0.01708984375,1338,1304,False,603.8981362489949,0.4586750001180917
395,43.650878325999884,1769159100273.995,1769159100273.9783,0.016845703125,1341,1307,False,603.6101613912517,0.3426069999932224
396,43.757865290999916,1769159100374.0686,1769159100374.0515,0.01708984375,1344,1310,False,602.8646812939033,0.4579080000439717
397,43.85864424700003,1769159100474.1418,1769159100474.125,0.016845703125,1347,1313,False,615.3386348143911,0.3335599999445549
398,43.96016499899997,1769159100574.2153,1769159100574.1982,0.01708984375,1350,1316,False,616.2695213502744,0.44636600000558246
399,44.06116685400002,1769159100674.2888,1769159100674.2717,0.01708984375,1353,1319,False,616.9294095492442,0.38022799981263233
400,44.165856373999986,1769159100807.7192,1769159100807.7021,0.01708984375,1357,1323,False,617.7363894977702,0.3320079999866721
401,44.270980409,1769159100907.792,1769159100907.775,0.01708984375,1360,1326,False,616.1557530806194,0.5162649999874702
402,44.37758284400002,1769159101007.8647,1769159101007.8477,0.01708984375,1363,1329,False,615.2796341358185,0.37801199982823164
403,44.48569152799996,1769159101107.9375,1769159101107.9204,0.01708984375,1366,1332,False,616.2004651034975,0.33191200009241584
404,44.58888594299992,1769159101208.0103,1769159101207.9932,0.01708984375,1369,1335,False,616.0020622531923,0.35319600010552676
405,44.690284049999946,1769159101308.083,1769159101308.066,0.01708984375,1372,1338,False,615.6918578357759,0.3659710000647465
406,44.79456633199993,1769159101408.1558,1769159101408.139,0.016845703125,1375,1341,False,614.0208326136968,0.4208390000712825
407,44.895031191000044,1769159101508.2288,1769159101508.2117,0.01708984375,1378,1344,False,613.8861712849825,0.3563710001799336
408,44.9992129310001,1769159101641.6592,1769159101641.642,0.01708984375,1382,1348,False,614.1611092655648,0.3756240000711841
409,45.10082919299998,1769159101741.7312,1769159101741.714,0.01708984375,1385,1351,False,615.9189097337842,0.33910399997694185
410,45.200761203999946,1769159101841.8018,1769159101841.7847,0.01708984375,1388,1354,False,616.1752375243725,0.3484710000520863
411,45.301974038000026,1769159101941.872,1769159101941.855,0.01708984375,1391,1357,False,615.8161051653533,0.5049149999649671
412,45.402864747999956,1769159102041.9424,1769159102041.9255,0.016845703125,1394,1360,False,616.7411802613358,0.32946500004982227
413,45.502797984999916,1769159102142.0127,1769159102141.9958,0.016845703125,1397,1363,False,616.9150262051094,0.446836000037365
414,45.60261232800008,1769159102242.083,1769159102242.0662,0.016845703125,1400,1366,False,617.0875094646033,0.3615840000747994
415,45.70427259799999,1769159102342.1533,1769159102342.1362,0.01708984375,1403,1369,False,617.1974951731328,0.4298740000194812
416,45.80508138799996,1769159102442.2236,1769159102442.2065,0.01708984375,1406,1372,False,617.115920317851,0.4556250000860018
417,45.9052959149999,1769159102542.2937,1769159102542.2769,0.016845703125,1409,1375,False,616.9867974245898,0.47181800005091645
418,46.00895038899989,1769159102642.364,1769159102642.347,0.01708984375,1412,1378,False,616.6975017296771,0.3366230000665382
419,46.10993633499993,1769159102742.434,1769159102742.417,0.01708984375,1415,1381,False,616.7713922218832,0.4463350001060462
420,46.21074027000009,1769159102842.5044,1769159102842.4873,0.01708984375,1418,1384,False,617.2221346744135,0.33828199980234785
421,46.32159473699994,1769159102942.5745,1769159102942.5574,0.01708984375,1421,1387,False,616.8941267812728,0.338244999966264
422,46.427170596999986,1769159103042.6448,1769159103042.6277,0.01708984375,1424,1390,False,616.9507084653225,0.3436810000039259
423,46.535614028000055,1769159103176.0715,1769159103176.0547,0.016845703125,1428,1394,False,616.637232077247,0.36301099999036524
424,46.64096974499989,1769159103276.1416,1769159103276.1248,0.016845703125,1431,1397,False,616.5395159717017,0.3910249999989901
425,46.74819056399997,1769159103376.212,1769159103376.1948,0.01708984375,1434,1400,False,616.5972265562044,0.5259309998564277
426,46.84745439900007,1769159103476.282,1769159103476.265,0.01708984375,1437,1403,False,616.6601102007768,0.32688699980099045
427,46.948236353000084,1769159103576.352,1769159103576.335,0.01708984375,1440,1406,False,616.3832519784166,0.3385130000879144
428,47.04830110900002,1769159103676.422,1769159103676.4053,0.016845703125,1443,1409,False,617.0529605590243,0.40384799990533793
429,47.1490467430001,1769159103776.4927,1769159103776.4756,0.01708984375,1446,1412,False,616.8059860542411,0.3516970000418951
430,47.249933846999966,1769159103876.5632,1769159103876.5461,0.01708984375,1449,1415,False,616.6221329016681,0.3325949999180011
431,47.35022836300004,1769159103976.6338,1769159103976.617,0.016845703125,1452,1418,False,617.0467020053866,0.43254199999864795
432,47.453735168000094,1769159104076.7043,1769159104076.6875,0.016845703125,1455,1421,False,616.7980955322215,0.33655399988674617
433,47.55413255899998,1769159104176.775,1769159104176.758,0.016845703125,1458,1424,False,616.9749387143868,0.3773529999762104
434,47.65465429699998,1769159104276.8455,1769159104276.8284,0.01708984375,1461,1427,False,616.7532408647802,0.33577800013517844
435,47.756208302000005,1769159104376.916,1769159104376.899,0.01708984375,1464,1430,False,616.6124764806482,0.5029300000387593
436,47.85589794799989,1769159104476.9863,1769159104476.9695,0.016845703125,1467,1433,False,616.6277785594905,0.33756299990272964
437,47.954240074999916,1769159104577.057,1769159104577.0398,0.01708984375,1470,1436,False,616.7123204941237,0.3401160001885728
438,48.0581874290001,1769159104677.1272,1769159104677.1104,0.016845703125,1473,1439,False,616.6887434033997,0.39000599986138695
439,48.15894831500009,1769159104777.1987,1769159104777.1816,0.01708984375,1476,1442,False,616.5287312060127,0.3403000000616885
440,48.2606862130001,1769159104877.2708,1769159104877.2537,0.01708984375,1479,1445,False,616.569639385258,0.3350409999711701
441,48.36227689399993,1769159104977.3425,1769159104977.3254,0.01708984375,1482,1448,False,616.5020032477676,0.3468580000571819
442,48.46850057100005,1769159105110.7717,1769159105110.7546,0.01708984375,1486,1452,False,615.9280735445174,0.37908700005573337
443,48.56995108399997,1769159105210.8435,1769159105210.8267,0.016845703125,1489,1455,False,616.0177923968577,0.3339879999657569
444,48.67103845299994,1769159105310.9155,1769159105310.8984,0.01708984375,1492,1458,False,616.0034643461047,0.3836659998341929
445,48.77413853100006,1769159105410.9873,1769159105410.9705,0.016845703125,1495,1461,False,615.6217776861208,0.378349999891725
446,48.87696079900002,1769159105511.059,1769159105511.0422,0.016845703125,1498,1464,False,615.4743172560079,0.352031999909741
447,48.978529824999896,1769159105611.131,1769159105611.114,0.01708984375,1501,1467,False,615.9253574937984,0.3316089998861571
448,49.08028975000002,1769159105711.203,1769159105711.1858,0.01708984375,1504,1470,False,615.6252379676021,0.4078300000855961
449,49.181574342999966,1769159105811.275,1769159105811.2578,0.01708984375,1507,1473,False,615.3907588033924,0.3649630000381876
450,49.28426480500002,1769159105911.347,1769159105911.3298,0.01708984375,1510,1476,False,615.8883300248737,0.34218900009364006
451,49.384888761999946,1769159106011.419,1769159106011.4019,0.01708984375,1513,1479,False,617.1727236853393,0.33588300016162975
452,49.485622723999995,1769159106111.491,1769159106111.4739,0.01708984375,1516,1482,False,616.9486604767708,0.369395000006989
453,49.590075323000065,1769159106211.563,1769159106211.546,0.01708984375,1519,1485,False,616.8332195411488,0.39796400005798205
454,49.6902014960001,1769159106311.635,1769159106311.6182,0.016845703125,1522,1488,False,617.1530039082203,0.3599930000746099
455,49.79158367500008,1769159106411.7073,1769159106411.6902,0.01708984375,1525,1491,False,617.475676661083,0.5077539999547298
456,49.89255778500001,1769159106511.7793,1769159106511.7622,0.01708984375,1528,1494,False,618.0362580086937,0.3299940001397772
457,49.992105218999995,1769159106611.8513,1769159106611.8345,0.016845703125,1531,1497,False,618.2024755789799,0.42943600010403316
