frame_idx,capture_time,color_ts,depth_ts,ts_diff_ms,color_frame_num,depth_frame_num,is_desync,depth_mean,depth_std,depth_valid_pct
0,0.03411526599984427,1769158567001.5894,1769158567001.5713,0.01806640625,31,29,False,633.6511628695646,281.00350353482753,95.98763020833333
1,0.16962958799990702,1769158567134.823,1769158567134.8052,0.017822265625,35,33,False,633.2581468434164,281.88826921706004,95.916015625
2,0.2834324849998211,1769158567234.5427,1769158567234.525,0.017822265625,38,36,False,633.6269584503317,282.5137226995049,95.98828125
3,0.39544005699985973,1769158567334.0864,1769158567334.0684,0.01806640625,41,39,False,633.2763902899628,281.2606583157501,95.8388671875
4,0.506019932999834,1769158567466.537,1769158567466.5193,0.017822265625,45,43,False,633.4364011847504,281.50324207877367,95.8359375
5,0.6157575709999037,1769158567565.6697,1769158567565.6519,0.017822265625,48,46,False,633.2261486378654,280.6473750485623,95.8662109375
6,0.7285663519999162,1769158567664.626,1769158567664.6082,0.017822265625,51,49,False,633.6167043516876,280.44071771195706,96.02506510416667
7,0.8458090179999544,1769158567796.2937,1769158567796.276,0.017822265625,55,53,False,633.4244552066328,282.3365463821347,95.91569010416667
8,0.9631917369999883,1769158567894.839,1769158567894.8213,0.017822265625,58,56,False,633.463902154051,281.5415833642622,95.84049479166667
9,1.0800630349999665,1769158568027.203,1769158568027.185,0.017822265625,62,60,False,633.5552249743017,280.2169998586358,95.95279947916667
10,1.1959588939998866,1769158568127.3098,1769158568127.2917,0.01806640625,65,63,False,633.8084219374388,281.1732983917585,96.04134114583333
11,1.3111045649998232,1769158568260.7546,1769158568260.7368,0.017822265625,69,67,False,633.1567643345912,281.6679081542602,95.66634114583333
12,1.4268661029998384,1769158568360.8152,1769158568360.797,0.01806640625,72,70,False,633.4466657337024,286.7465034759869,95.36881510416667
13,1.542962039999793,1769158568494.1982,1769158568494.1804,0.017822265625,76,74,False,633.0407730299062,281.0881295725199,95.4375
14,1.6592322469998635,1769158568594.2126,1769158568594.1946,0.01806640625,79,77,False,632.9761592382952,282.24172093294806,95.52311197916667
15,1.7734435279999161,1769158568727.534,1769158568727.5159,0.01806640625,83,81,False,632.9971090884945,282.9942553191373,95.5986328125
16,1.8888429369999358,1769158568827.5017,1769158568827.484,0.017822265625,86,84,False,633.6083488723442,287.76003489140265,95.66536458333333
17,2.003848104999861,1769158568960.7637,1769158568960.7456,0.01806640625,90,88,False,634.2943320830242,284.3976608810838,95.63606770833333
18,2.117787213999918,1769158569060.6382,1769158569060.6204,0.017822265625,93,91,False,633.8724376674783,281.03021255388927,95.72526041666667
19,2.2329071979997934,1769158569160.483,1769158569160.4648,0.01806640625,96,94,False,633.740897940904,283.7441719581878,95.9443359375
20,2.3479297159999533,1769158569293.562,1769158569293.5442,0.017822265625,100,98,False,633.4166952925451,283.5667097694923,95.71061197916667
21,2.4629444709999007,1769158569393.3364,1769158569393.3186,0.017822265625,103,101,False,633.7443973596284,287.7453098026459,95.8671875
22,2.5781666119999045,1769158569526.322,1769158569526.3042,0.017822265625,107,105,False,634.0036202229867,284.0129128172929,95.85188802083333
23,2.6945218249998106,1769158569626.0261,1769158569626.0083,0.017822265625,110,108,False,633.3500641796214,278.8571231812993,95.861328125
24,2.810263875999908,1769158569758.9182,1769158569758.9004,0.017822265625,114,112,False,633.2065077483707,281.4626612599689,95.84928385416667
25,2.926026914999966,1769158569858.5522,1769158569858.5342,0.01806640625,117,115,False,633.4399087350226,284.3455485977582,95.87467447916667
26,3.0406217149998156,1769158569991.5178,1769158569991.4998,0.01806640625,121,119,False,633.4383806708998,283.67388267506584,95.71061197916667
27,3.157531654999957,1769158570091.5916,1769158570091.5735,0.01806640625,124,122,False,634.1012890718002,284.38608024424104,95.70638020833333
28,3.2722286649998296,1769158570225.0237,1769158570225.0056,0.01806640625,128,126,False,633.7565254861246,284.9108973826706,95.9404296875
29,3.3871255419999216,1769158570325.0984,1769158570325.0803,0.01806640625,131,129,False,633.4502374817093,278.24571929747856,95.8818359375
30,3.50245496499997,1769158570458.5317,1769158570458.5137,0.01806640625,135,133,False,634.1631767039896,282.9325095705804,95.82291666666667
31,3.619770706999816,1769158570558.6072,1769158570558.589,0.01806640625,138,136,False,634.9720896857326,288.5896194731136,95.71907552083333
32,3.735818133999828,1769158570692.0417,1769158570692.0237,0.01806640625,142,140,False,634.071635040468,283.280762849482,95.72265625
33,3.8518110899999556,1769158570792.1182,1769158570792.1,0.01806640625,145,143,False,634.7698057410901,283.84100388050825,95.7666015625
34,3.9664414970000053,1769158570892.1948,1769158570892.177,0.017822265625,148,146,False,635.0863948750591,288.73624348569905,95.63118489583333
35,4.085302527999829,1769158571025.6265,1769158571025.6084,0.01806640625,152,150,False,618.8610888384545,165.78055494118541,95.81119791666667
36,4.203537294999933,1769158571159.0535,1769158571159.0354,0.01806640625,156,154,False,600.1185510465848,118.67952184192713,94.66243489583333
37,4.321866485999863,1769158571259.1238,1769158571259.1057,0.01806640625,159,157,False,599.4113495248585,116.57175978208447,95.46907552083333
38,4.44077964600001,1769158571392.551,1769158571392.533,0.01806640625,163,161,False,602.9323430598428,118.31261858546942,95.43782552083333
39,4.560531159999982,1769158571492.6216,1769158571492.6035,0.01806640625,166,164,False,602.3599574521592,117.69393595237504,95.78678385416667
40,4.670824722999896,1769158571626.0488,1769158571626.031,0.017822265625,170,168,False,601.7205865841003,116.94492927958466,95.67220052083333
41,4.780239114999858,1769158571726.1196,1769158571726.1016,0.01806640625,173,171,False,601.4301593537037,117.1882754965718,95.29459635416667
42,4.889737304999926,1769158571826.1904,1769158571826.1724,0.01806640625,176,174,False,601.2009234778602,116.78831012138322,94.68001302083333
43,5.000799722000011,1769158571926.2612,1769158571926.2432,0.01806640625,179,177,False,603.112568493739,116.45539320479415,94.75423177083333
44,5.111877136999965,1769158572059.7043,1769158572059.6863,0.01806640625,183,181,False,604.349475267001,116.06500925476256,94.8212890625
45,5.224498669000013,1769158572159.7917,1769158572159.7737,0.01806640625,186,184,False,603.277001275003,121.93185390451906,94.97526041666667
46,5.334707943000012,1769158572259.8804,1769158572259.8623,0.01806640625,189,187,False,604.4213823573666,131.16931592958971,95.19140625
47,5.449003472999948,1769158572393.3337,1769158572393.3157,0.01806640625,193,191,False,608.6567174415494,169.62687394137922,94.92643229166667
48,5.565057680999871,1769158572493.425,1769158572493.4072,0.017822265625,196,194,False,610.5670539953547,187.86728728143163,95.02408854166667
49,5.680843922999884,1769158572626.8823,1769158572626.8643,0.01806640625,200,198,False,612.8881192900965,207.95627750457075,95.0283203125
50,5.796406903999923,1769158572726.9766,1769158572726.9585,0.01806640625,203,201,False,613.0180432612998,212.80762005044028,94.91438802083333
51,5.910801948999961,1769158572860.4375,1769158572860.4194,0.01806640625,207,205,False,609.551449069007,189.49987623614987,94.87727864583333
52,6.027556532999824,1769158572960.5344,1769158572960.5164,0.01806640625,210,208,False,604.8010298194209,142.77328159600816,94.76529947916667
53,6.144513790000019,1769158573093.9658,1769158573093.9478,0.01806640625,214,212,False,608.6498350264231,119.73814656756403,95.10677083333333
54,6.260366349999913,1769158573194.0393,1769158573194.0212,0.01806640625,217,215,False,609.1070675501388,114.70768387610543,95.40559895833333
55,6.375188398999853,1769158573327.4707,1769158573327.4526,0.01806640625,221,219,False,605.9498374935221,114.83223755705876,94.84798177083333
56,6.492508489999864,1769158573427.5442,1769158573427.5261,0.01806640625,224,222,False,606.3171641791045,114.99039330303515,94.7421875
57,6.606888372999947,1769158573560.9756,1769158573560.9575,0.01806640625,228,226,False,612.3129644382786,115.36465587205898,94.79557291666667
58,6.722884030999921,1769158573661.049,1769158573661.031,0.01806640625,231,229,False,617.4617306073687,115.69527567743454,95.9140625
59,6.8353206339998,1769158573761.1226,1769158573761.1047,0.017822265625,234,232,False,615.6268896740409,114.0553140890415,95.54134114583333
60,6.949847675000001,1769158573894.5542,1769158573894.5361,0.01806640625,238,236,False,614.0490999809664,112.54880426355676,95.7734375
61,7.066244552999933,1769158573994.6272,1769158573994.6091,0.01806640625,241,239,False,612.2004190110117,111.60624917244571,95.86686197916667
62,7.18102395599999,1769158574128.057,1769158574128.0388,0.01806640625,245,243,False,610.2810050518298,116.32123910386484,95.55891927083333
63,7.294387713999868,1769158574228.129,1769158574228.1108,0.01806640625,248,246,False,611.8233460327639,114.86051285929192,95.43912760416667
64,7.408443090999981,1769158574361.5586,1769158574361.5405,0.01806640625,252,250,False,612.1553436535893,113.97956850680295,95.27766927083333
65,7.522368189999952,1769158574461.6306,1769158574461.6125,0.01806640625,255,253,False,618.2992975277067,341.36435621333135,95.458984375
66,7.635819669999819,1769158574561.7026,1769158574561.6848,0.017822265625,258,256,False,613.2515572756053,113.61386310372484,95.21419270833333
67,7.751910048999889,1769158574695.1323,1769158574695.1143,0.01806640625,262,260,False,611.5641203103904,116.35763904719323,95.47786458333333
68,7.866361875999928,1769158574795.2043,1769158574795.1863,0.01806640625,265,263,False,608.2935188653632,115.37399621184547,94.72102864583333
69,7.982560825999826,1769158574928.6338,1769158574928.6157,0.01806640625,269,267,False,605.2111177286702,120.35270710625865,94.55501302083333
70,8.099010000999897,1769158575028.7043,1769158575028.6863,0.01806640625,272,270,False,604.9492041793465,125.24496697125937,94.77408854166667
71,8.214602876999834,1769158575162.1304,1769158575162.1123,0.01806640625,276,274,False,610.014621207442,152.9090857440509,94.865234375
72,8.332725904999961,1769158575262.1997,1769158575262.182,0.017822265625,279,277,False,610.5861556162314,149.3399876332001,94.7802734375
73,8.448533414999929,1769158575395.6257,1769158575395.6077,0.01806640625,283,281,False,612.0301656185131,143.98496597937304,95.1884765625
74,8.563405385999886,1769158575495.6948,1769158575495.677,0.017822265625,286,284,False,610.9844922667234,135.40154740530468,94.85774739583333
75,8.677935078000019,1769158575629.1204,1769158575629.1025,0.017822265625,290,288,False,610.1517586353593,123.98075857175947,94.88151041666667
76,8.79310329499981,1769158575729.1895,1769158575729.1716,0.017822265625,293,291,False,609.8805066873665,118.08492141553435,94.77408854166667
77,8.907653824999898,1769158575862.615,1769158575862.597,0.01806640625,297,295,False,608.1442110066874,114.73488635037124,94.8701171875
78,9.022050663999835,1769158575962.6838,1769158575962.6658,0.01806640625,300,298,False,604.3520133459591,113.7426859760138,95.22233072916667
79,9.138542889999826,1769158576062.7556,1769158576062.7375,0.01806640625,303,301,False,605.6870923847681,115.40856870615492,94.73372395833333
80,9.251768469999888,1769158576196.1846,1769158576196.1665,0.01806640625,307,305,False,609.1460623086177,116.13999387182157,95.25
81,9.364174513999842,1769158576296.2563,1769158576296.2383,0.01806640625,310,308,False,611.0316206881267,116.5323520344322,95.4716796875
82,9.47618053899987,1769158576429.6853,1769158576429.6672,0.01806640625,314,312,False,609.107782813168,114.160910393877,95.17415364583333
83,9.589855984999986,1769158576529.7568,1769158576529.739,0.017822265625,317,315,False,607.1405615633355,113.91214061538331,95.33235677083333
84,9.704529030000003,1769158576629.8286,1769158576629.8105,0.01806640625,320,318,False,606.539567043398,114.2563163167413,95.33528645833333
85,9.818249843999865,1769158576763.2573,1769158576763.2395,0.017822265625,324,322,False,605.6196314195679,114.35088934268296,95.24153645833333
86,9.933046933000014,1769158576863.329,1769158576863.311,0.01806640625,327,325,False,603.6172086952362,114.54978246030649,95.26888020833333
87,10.048774429999867,1769158576996.7573,1769158576996.7393,0.01806640625,331,329,False,603.1375527165114,114.3967156701184,94.7080078125
88,10.161512068999855,1769158577096.8276,1769158577096.8096,0.01806640625,334,332,False,602.3538047845707,114.72934332618468,94.787109375
89,10.273925817999952,1769158577230.255,1769158577230.2368,0.01806640625,338,336,False,602.7784825785169,115.70385390139299,94.73307291666667
90,10.388310891999936,1769158577330.3252,1769158577330.3074,0.017822265625,341,339,False,604.333449582188,117.74027224255317,95.20703125
91,10.5027583279998,1769158577430.3958,1769158577430.3777,0.01806640625,344,342,False,603.1824985822418,118.13751545196946,95.85904947916667
92,10.619230174999984,1769158577563.8232,1769158577563.8052,0.01806640625,348,346,False,603.338572590484,118.17740528884431,96.0546875
93,10.734725544999947,1769158577663.8938,1769158577663.8757,0.01806640625,351,349,False,603.2880259558668,117.74441461920078,95.916015625
94,10.848144745999889,1769158577797.321,1769158577797.3032,0.017822265625,355,353,False,604.5479610497728,117.50489183118783,95.40755208333333
95,10.962883641999952,1769158577897.3918,1769158577897.3738,0.01806640625,358,356,False,603.4583651903228,116.29252387447903,95.36979166666667
96,11.078017455999998,1769158578030.8206,1769158578030.8025,0.01806640625,362,360,False,604.6275543926355,117.39271186203766,95.544921875
97,11.191613362999988,1769158578130.8928,1769158578130.875,0.017822265625,365,363,False,607.1332338243883,117.85456440500828,95.30305989583333
98,11.303182128999879,1769158578230.9653,1769158578230.9473,0.01806640625,368,366,False,608.6842245541618,118.17541105347749,95.26399739583333
99,11.41695760399989,1769158578364.395,1769158578364.377,0.01806640625,372,370,False,607.9391769298438,117.7725880213642,94.72916666666667
100,11.531556927999873,1769158578464.4673,1769158578464.4495,0.017822265625,375,373,False,605.5897093880287,117.27035235641736,95.1767578125
101,11.64780011799985,1769158578597.8972,1769158578597.8792,0.01806640625,379,377,False,604.203882127854,131.18690402072457,94.7685546875
102,11.761622725999814,1769158578697.9695,1769158578697.9514,0.01806640625,382,380,False,604.9887509511308,124.23045485742055,94.97330729166667
103,11.875340680999898,1769158578831.3992,1769158578831.3813,0.017822265625,386,384,False,608.4850320024279,117.07971808000353,95.4619140625
104,11.990636613999868,1769158578931.4717,1769158578931.4536,0.01806640625,389,387,False,616.8877752380047,117.48607748015561,95.84212239583333
105,12.104535638000016,1769158579031.545,1769158579031.5269,0.01806640625,392,390,False,614.7796820377929,115.2005294797227,95.53841145833333
106,12.218928575999826,1769158579164.9768,1769158579164.959,0.017822265625,396,394,False,610.3868484618203,112.5788942921483,95.95182291666667
107,12.33562526799983,1769158579265.0508,1769158579265.033,0.017822265625,399,397,False,608.2855806873296,118.4207080664892,95.3740234375
108,12.45207586399988,1769158579398.483,1769158579398.4648,0.01806640625,403,401,False,607.711034031279,154.72211743081053,94.97428385416667
109,12.568542941999794,1769158579498.557,1769158579498.539,0.017822265625,406,404,False,608.6285900157502,172.26296346588688,95.07161458333333
110,12.686107154999945,1769158579631.989,1769158579631.9712,0.017822265625,410,408,False,608.308329397592,178.6268765265705,95.115234375
111,12.801599436999823,1769158579732.0632,1769158579732.0452,0.01806640625,413,411,False,607.0917859875397,182.25918844197892,95.30208333333333
112,12.91830111499985,1769158579865.4956,1769158579865.4775,0.01806640625,417,415,False,599.8993089291823,123.07347977842525,95.14973958333333
113,13.034941420999985,1769158579965.5698,1769158579965.5518,0.01806640625,420,418,False,599.2122862493055,115.82474142960581,94.91471354166667
114,13.152997826999808,1769158580099.0024,1769158580098.9844,0.01806640625,424,422,False,599.071224108931,117.4378571731567,95.4111328125
115,13.27181309499997,1769158580199.0771,1769158580199.059,0.01806640625,427,425,False,600.2078879519174,117.42619476644829,96.08040364583333
116,13.38671611399991,1769158580332.5098,1769158580332.492,0.017822265625,431,429,False,601.0310891398807,117.78101109612605,95.74283854166667
117,13.502441884999826,1769158580432.5845,1769158580432.5667,0.017822265625,434,432,False,601.2252775823571,117.45873067865874,95.7802734375
118,13.618833294999831,1769158580566.0176,1769158580565.9995,0.01806640625,438,436,False,600.9241924784405,117.90435575803659,95.6884765625
119,13.735147478999806,1769158580666.0923,1769158580666.0742,0.01806640625,441,439,False,599.5117514740466,117.29696455726773,95.51106770833333
120,13.850265518000015,1769158580799.5254,1769158580799.5073,0.01806640625,445,443,False,597.2726783422349,142.93721804377057,94.34765625
121,13.966498778999949,1769158580899.6,1769158580899.582,0.01806640625,448,446,False,599.6530854361569,161.0033452213752,93.56477864583333
122,14.083441209999819,1769158581033.032,1769158581033.014,0.01806640625,452,450,False,604.1281201747644,165.1149983642014,94.025390625
123,14.200034325999923,1769158581133.1047,1769158581133.0867,0.01806640625,455,453,False,604.350566354501,164.25942710447995,94.23274739583333
124,14.313793573999874,1769158581266.5352,1769158581266.5173,0.017822265625,459,457,False,601.6834131939403,167.02800112490968,94.158203125
125,14.430367647999901,1769158581366.6082,1769158581366.59,0.01806640625,462,460,False,601.7922395186308,173.69849088074764,93.80794270833333
126,14.545655300999897,1769158581500.0388,1769158581500.0208,0.01806640625,466,464,False,601.0436766781451,165.14811449682736,93.8701171875
127,14.661847076999948,1769158581600.1116,1769158581600.0938,0.017822265625,469,467,False,599.8946642342107,161.61974768143696,93.6767578125
128,14.775712715999816,1769158581700.1846,1769158581700.1665,0.01806640625,472,470,False,599.0048091834494,165.68278456274288,93.40852864583333
129,14.891890424999929,1769158581833.6152,1769158581833.5972,0.01806640625,476,474,False,596.5778838204669,182.3880555663314,93.3193359375
130,15.007470961999843,1769158581933.6882,1769158581933.6702,0.01806640625,479,477,False,586.0729699596753,131.26835723706017,93.7216796875
131,15.125945617999832,1769158582067.1206,1769158582067.1025,0.01806640625,483,481,False,588.843220499602,120.96962229251221,94.46321614583333
132,15.246281138999848,1769158582200.5535,1769158582200.5354,0.01806640625,487,485,False,589.1122707942357,119.17423665050879,94.53287760416667
133,15.362496763999843,1769158582300.6282,1769158582300.61,0.01806640625,490,488,False,593.3311550870271,116.43648063477985,95.044921875
134,15.479887459999873,1769158582434.0613,1769158582434.0432,0.01806640625,494,492,False,595.7144858886816,116.46563439714802,95.248046875
135,15.596047219999946,1769158582534.1362,1769158582534.1182,0.01806640625,497,495,False,597.0090119680578,116.47440589006081,95.142578125
136,15.712638141999832,1769158582667.5693,1769158582667.5513,0.01806640625,501,499,False,600.0297695993997,116.68663485094784,95.43782552083333
137,15.826650359999803,1769158582767.6443,1769158582767.6262,0.01806640625,504,502,False,605.822390629679,116.76862182966966,95.65885416666667
138,15.940084512999874,1769158582867.7192,1769158582867.7014,0.017822265625,507,505,False,609.3277134683323,112.83853996831385,95.9208984375
139,16.05804418599996,1769158583001.152,1769158583001.134,0.01806640625,511,509,False,613.668002931452,110.10238804131953,96.38639322916667
140,16.173824768999793,1769158583101.225,1769158583101.2073,0.017822265625,514,512,False,612.0056531750083,113.37508546465484,96.27701822916667
141,16.291122833999907,1769158583234.656,1769158583234.638,0.01806640625,518,516,False,612.061450133896,114.28033889829969,96.2734375
142,16.40740802099981,1769158583334.7292,1769158583334.7112,0.01806640625,521,519,False,615.5149048274552,114.60607676458186,96.00846354166667
143,16.523612042999957,1769158583468.1602,1769158583468.142,0.01806640625,525,523,False,616.2540869319215,113.577967660231,96.654296875
144,16.640054905999932,1769158583568.2332,1769158583568.2153,0.017822265625,528,526,False,615.8173543954841,109.68346655410807,96.70865885416667
145,16.756643109999914,1769158583701.664,1769158583701.6462,0.017822265625,532,530,False,616.763299196598,111.29493785041848,96.75651041666667
146,16.873332504000018,1769158583801.7373,1769158583801.7192,0.01806640625,535,533,False,614.899485098765,107.7116139935348,96.91634114583333
147,16.98971014599988,1769158583935.1682,1769158583935.1504,0.017822265625,539,537,False,610.4384304163402,108.12862045921797,96.38802083333333
148,17.10649261499998,1769158584035.2405,1769158584035.2224,0.01806640625,542,540,False,605.4557294680728,110.01699941186756,95.62565104166667
149,17.22220450199984,1769158584168.6692,1769158584168.6511,0.01806640625,546,544,False,599.981954281425,122.55769677886049,94.54069010416667
150,17.335878405999892,1769158584268.7405,1769158584268.7227,0.017822265625,549,547,False,602.5199281631071,149.5351727432866,94.07161458333333
151,17.449659216999862,1769158584402.1692,1769158584402.1511,0.01806640625,553,551,False,613.4076262805514,181.6518541003662,94.46842447916667
152,17.563781445999894,1769158584502.2405,1769158584502.2227,0.017822265625,556,554,False,616.6650558426518,114.75958221850931,96.12434895833333
153,17.678710928999863,1769158584602.312,1769158584602.294,0.01806640625,559,557,False,622.8072366787255,112.82119265882599,96.99934895833333
154,17.794555658999798,1769158584735.7405,1769158584735.7224,0.01806640625,563,561,False,625.6565203588913,112.74005150831346,97.41373697916667
155,17.908525028999975,1769158584835.8118,1769158584835.7937,0.01806640625,566,564,False,623.3000087436692,114.3979578620152,96.79622395833333
156,18.0244065469999,1769158584969.24,1769158584969.2222,0.017822265625,570,568,False,625.6510068705704,205.87295970794392,96.08463541666667
157,18.14063414499992,1769158585069.315,1769158585069.2969,0.01806640625,573,571,False,628.197884524646,227.47659214059544,95.8955078125
158,18.256559833999972,1769158585202.748,1769158585202.7302,0.017822265625,577,575,False,628.7396098186107,236.16841920634278,95.50846354166667
159,18.372697449999805,1769158585302.823,1769158585302.8052,0.017822265625,580,578,False,624.8400277150132,228.48827724262776,95.37174479166667
160,18.489109994999808,1769158585436.2563,1769158585436.2383,0.01806640625,584,582,False,614.3966694088855,222.08432887096038,94.56998697916667
161,18.601967569999942,1769158585536.3313,1769158585536.3135,0.017822265625,587,585,False,602.0785586221696,165.93998767715215,94.048828125
162,18.71641620299988,1769158585669.765,1769158585669.7468,0.01806640625,591,589,False,595.8958710071475,121.70387233610306,94.86555989583333
163,18.829431190999912,1769158585769.8398,1769158585769.8218,0.01806640625,594,592,False,595.087233690823,119.2599238221937,94.517578125
164,18.943207111999982,1769158585869.915,1769158585869.897,0.01806640625,597,595,False,601.0689774182304,174.30604884828878,94.31868489583333
165,19.060052857999835,1769158586003.3481,1769158586003.33,0.01806640625,601,599,False,601.9785796093564,150.27728962679404,94.6455078125
166,19.17318424699988,1769158586103.4219,1769158586103.4038,0.01806640625,604,602,False,599.1761159644216,123.03840981022564,94.38509114583333
167,19.284790477999877,1769158586236.8535,1769158586236.8357,0.017822265625,608,606,False,603.8636148870285,117.05980555021982,95.7646484375
168,19.395137019000003,1769158586336.9275,1769158586336.9094,0.01806640625,611,609,False,607.4239197347165,116.32142825717081,95.71126302083333
169,19.50432044099989,1769158586437.0015,1769158586436.9834,0.01806640625,614,612,False,608.4491620791387,114.01440979032768,96.3251953125
170,19.613806523999983,1769158586570.4333,1769158586570.4153,0.01806640625,618,616,False,610.9130082312694,109.4934175737759,96.77115885416667
171,19.725808303999884,1769158586670.5073,1769158586670.4893,0.01806640625,621,619,False,611.5940629638834,109.14331306671,96.92643229166667
172,19.83668761099989,1769158586770.5813,1769158586770.5632,0.01806640625,624,622,False,611.5673963036663,110.1451423229221,96.6787109375
173,19.953738356999793,1769158586904.0132,1769158586903.995,0.01806640625,628,626,False,609.7655748516157,111.35871167067387,96.25162760416667
174,20.071894704999977,1769158587004.0872,1769158587004.069,0.01806640625,631,629,False,607.5339393816138,112.32862267047757,96.037109375
175,20.18943113299997,1769158587137.5186,1769158587137.5005,0.01806640625,635,633,False,604.2156760372092,113.82861624511136,95.392578125
176,20.3065450659999,1769158587237.592,1769158587237.5742,0.017822265625,638,636,False,602.993957052274,114.61421336846956,95.07682291666667
177,20.42189822499995,1769158587371.0237,1769158587371.0056,0.01806640625,642,640,False,601.5213508970533,115.13024678653235,94.892578125
178,20.537402482999823,1769158587471.0972,1769158587471.0793,0.017822265625,645,643,False,601.7692592364152,113.84430032901325,94.998046875
179,20.654093138999997,1769158587604.5288,1769158587604.5107,0.01806640625,649,647,False,602.3252407642523,127.45646197289918,94.6083984375
180,20.770857820999936,1769158587704.6023,1769158587704.5845,0.017822265625,652,650,False,601.3160075914424,151.9733765111102,94.3359375
181,20.88850479299981,1769158587838.034,1769158587838.0159,0.01806640625,656,654,False,599.8805446475485,162.14239753591454,94.16927083333333
182,21.006965507999894,1769158587938.1077,1769158587938.0896,0.01806640625,659,657,False,600.4748381715278,160.55013996525886,94.44075520833333
183,21.127329409999902,1769158588071.5388,1769158588071.5208,0.01806640625,663,661,False,599.0319213538902,166.70404144822544,93.8076171875
184,21.244428227999833,1769158588171.612,1769158588171.594,0.01806640625,666,664,False,599.1198084010379,171.86522532534573,93.71516927083333
185,21.363152420999995,1769158588305.043,1769158588305.025,0.01806640625,670,668,False,600.4454017411556,179.73921692101135,93.92708333333333
186,21.479926331999877,1769158588405.1162,1769158588405.0984,0.017822265625,673,671,False,599.5636938922621,169.4241738314117,93.9296875
187,21.59833430399999,1769158588538.5474,1769158588538.5293,0.01806640625,677,675,False,599.9166235399134,182.2718575448686,93.72102864583333
188,21.717888356999993,1769158588671.9783,1769158588671.9604,0.017822265625,681,679,False,598.4619452635684,180.02749638049198,93.49967447916667
189,21.83717934399988,1769158588772.0518,1769158588772.0337,0.01806640625,684,682,False,600.6312226039364,193.57654779266366,94.0908203125
190,21.95558357499999,1769158588905.4827,1769158588905.4648,0.017822265625,688,686,False,602.5204693728672,208.04813679425462,94.15266927083333
191,22.077516597999875,1769158589005.5562,1769158589005.538,0.01806640625,691,689,False,603.2933527708879,211.71845548192798,94.22981770833333
192,22.19652922599994,1769158589138.9875,1769158589138.9695,0.01806640625,695,693,False,604.2139571002089,213.89435787743523,94.31803385416667
193,22.315034393999895,1769158589239.061,1769158589239.043,0.01806640625,698,696,False,604.4441689566589,215.67794086910158,94.529296875
194,22.433717259999867,1769158589372.4924,1769158589372.4746,0.017822265625,702,700,False,604.3205751999229,223.14475355740112,94.60026041666667
195,22.552539977999913,1769158589505.924,1769158589505.906,0.01806640625,706,704,False,603.1526612627486,224.9029792588212,94.25227864583333
196,22.673048577999907,1769158589605.9976,1769158589605.9797,0.017822265625,709,707,False,603.010688347558,226.81885022317908,94.1689453125
197,22.792396302999805,1769158589739.4292,1769158589739.4111,0.01806640625,713,711,False,601.8684499043706,221.85266390751212,94.1201171875
198,22.91209037999988,1769158589839.503,1769158589839.4849,0.01806640625,716,714,False,601.1081249157866,209.30271816301916,94.2197265625
199,23.031892448999997,1769158589972.9346,1769158589972.9165,0.01806640625,720,718,False,601.2311175082359,192.45006255390652,94.76009114583333
200,23.151369822999868,1769158590106.3655,1769158590106.3474,0.01806640625,724,722,False,600.1526686883743,187.1347199967634,94.78287760416667
201,23.26976205799997,1769158590206.4385,1769158590206.4207,0.017822265625,727,725,False,600.925094766678,191.2554446757035,94.63346354166667
202,23.390021451999928,1769158590339.8696,1769158590339.8516,0.01806640625,731,729,False,601.1299407080679,188.80427203582548,94.759765625
203,23.50971133799999,1769158590439.9426,1769158590439.9248,0.017822265625,734,732,False,601.54086574897,178.58121900605192,94.49609375
204,23.63059512299992,1769158590573.3735,1769158590573.3557,0.017822265625,738,736,False,599.7928401168398,153.2333353735713,94.50260416666667
205,23.75175535199992,1769158590706.8044,1769158590706.7866,0.017822265625,742,740,False,599.2246611804436,144.91237296348808,94.65787760416667
206,23.872464033999904,1769158590806.8777,1769158590806.8599,0.017822265625,745,743,False,599.3917918421652,154.00488293773563,94.44205729166667
207,23.992925288999913,1769158590940.3086,1769158590940.2908,0.017822265625,749,747,False,597.256521110568,115.91465222311948,94.56966145833333
208,24.11287398699983,1769158591040.3813,1769158591040.3633,0.01806640625,752,750,False,598.4495329028713,117.54924239107983,94.77864583333333
209,24.231081805999793,1769158591173.811,1769158591173.7932,0.017822265625,756,754,False,598.4326218834908,118.71855128263381,95.24576822916667
210,24.349410360999855,1769158591273.8835,1769158591273.8655,0.01806640625,759,757,False,597.8438646067108,119.11542502529262,95.15104166666667
211,24.469503514999815,1769158591407.3132,1769158591407.2952,0.01806640625,763,761,False,598.3693765122415,119.44750800913913,95.25130208333333
212,24.588431735999848,1769158591540.743,1769158591540.7249,0.01806640625,767,765,False,600.0176231935968,120.20781023655508,94.51692708333333
213,24.70807888599984,1769158591640.8152,1769158591640.797,0.01806640625,770,768,False,601.5481993602311,148.51051214810565,94.638671875
214,24.82714788899989,1769158591774.2449,1769158591774.2268,0.01806640625,774,772,False,599.5033787731926,134.05809385893625,94.705078125
215,24.946249898999895,1769158591874.3171,1769158591874.299,0.01806640625,777,775,False,600.0860365161778,144.06913244507024,94.67122395833333
216,25.067417535000004,1769158592007.7456,1769158592007.7275,0.01806640625,781,779,False,603.292565197525,166.93570143907706,94.75162760416667
217,25.185772412000006,1769158592141.1707,1769158592141.1528,0.017822265625,785,783,False,599.92346574383,147.48710259913344,94.34602864583333
218,25.319925154999964,1769158592274.596,1769158592274.578,0.01806640625,789,787,False,598.3134926738237,118.43521347662733,95.2412109375
219,25.43695106799987,1769158592374.6646,1769158592374.6465,0.01806640625,792,790,False,608.7253043138719,289.75841076589495,95.87076822916667
220,25.55505670799994,1769158592508.0894,1769158592508.0713,0.01806640625,796,794,False,607.5730501523119,109.92381920460224,95.6396484375
221,25.674595886999896,1769158592608.158,1769158592608.14,0.01806640625,799,797,False,607.5268696873735,111.29895538616559,95.70084635416667
222,25.79110222999998,1769158592741.5825,1769158592741.5645,0.01806640625,803,801,False,604.0269966599958,116.37494527888933,95.31705729166667
223,25.908862739999904,1769158592841.651,1769158592841.6328,0.01806640625,806,804,False,600.5517270932178,120.17765946629979,94.95572916666667
224,26.02529208199985,1769158592975.0752,1769158592975.0574,0.017822265625,810,808,False,602.1033406554425,124.27176562112739,95.43489583333333
225,26.143948940999962,1769158593075.146,1769158593075.128,0.01806640625,813,811,False,602.0062707374688,122.86391183505671,95.36067708333333
226,26.26119086499989,1769158593208.5732,1769158593208.5552,0.01806640625,817,815,False,600.8692923646714,124.72704619473284,94.92350260416667
227,26.376540876999798,1769158593308.6438,1769158593308.6257,0.01806640625,820,818,False,600.8563687773113,130.46841574952919,94.97884114583333
228,26.49229220799998,1769158593442.0708,1769158593442.053,0.017822265625,824,822,False,597.9018932578869,120.2401583380138,94.80598958333333
229,26.60912666299987,1769158593542.141,1769158593542.1233,0.017822265625,827,825,False,595.5933445034932,119.37683316221437,95.0029296875
230,26.728424595999968,1769158593675.568,1769158593675.5503,0.017822265625,831,829,False,593.9506028279473,118.62741455343084,95.63216145833333
231,26.84676243099989,1769158593775.6384,1769158593775.6204,0.01806640625,834,832,False,593.1722929273279,118.30903316570753,95.3779296875
232,26.964907084999822,1769158593909.0652,1769158593909.047,0.01806640625,838,836,False,593.4893181213002,118.17031907155037,95.353515625
233,27.08401624199996,1769158594009.136,1769158594009.118,0.01806640625,841,839,False,593.6159152097604,118.20221224166148,95.517578125
234,27.20207260699999,1769158594142.5652,1769158594142.547,0.01806640625,845,843,False,593.15838010817,117.99485251271183,95.5166015625
235,27.3192171029998,1769158594275.9941,1769158594275.9763,0.017822265625,849,847,False,595.4358308035364,118.90626449614493,95.32649739583333
236,27.436447075999922,1769158594376.0662,1769158594376.048,0.01806640625,852,850,False,597.4549870621087,118.64077069700353,95.357421875
237,27.555215107999857,1769158594509.495,1769158594509.477,0.01806640625,856,854,False,594.5391599873067,117.85298084488255,95.3994140625
238,27.675531632000002,1769158594609.567,1769158594609.5488,0.01806640625,859,857,False,594.1736677798998,116.95067733249874,95.6181640625
239,27.794554352999967,1769158594742.9958,1769158594742.9778,0.01806640625,863,861,False,594.081462438718,115.95821230771165,95.34765625
240,27.91416381399995,1769158594843.0676,1769158594843.0496,0.01806640625,866,864,False,593.4889264213135,115.8321431543989,95.59635416666667
241,28.033457620999798,1769158594976.4966,1769158594976.4785,0.01806640625,870,868,False,593.0540854859895,115.48630779416189,95.16666666666667
242,28.1544408929999,1769158595109.9265,1769158595109.9084,0.01806640625,874,872,False,595.1036655132959,128.2526112612423,94.45442708333333
243,28.275894767999944,1769158595209.999,1769158595209.981,0.01806640625,877,875,False,600.0549644412591,160.47048684636707,94.47395833333333
244,28.395769657999836,1769158595343.429,1769158595343.4111,0.017822265625,881,879,False,604.8702578284693,184.76335222753283,94.75423177083333
245,28.514318709999998,1769158595443.5015,1769158595443.4836,0.017822265625,884,882,False,605.0012002537679,185.74651956163316,94.92350260416667
246,28.63271215099985,1769158595576.9316,1769158595576.9136,0.01806640625,888,886,False,605.0067956912717,192.43160590108727,95.13151041666667
247,28.752176039000005,1769158595677.0042,1769158595676.986,0.01806640625,891,889,False,605.5412044101676,204.9278885726761,94.71484375
248,28.871759947999863,1769158595810.434,1769158595810.416,0.01806640625,895,893,False,604.3227208336334,205.14567894085678,94.9033203125
249,28.990686818999848,1769158595943.864,1769158595943.846,0.01806640625,899,897,False,601.6585354097017,195.80221822183262,94.54524739583333
250,29.11137203499993,1769158596043.9373,1769158596043.9192,0.01806640625,902,900,False,600.555175145524,207.02743360126323,94.50846354166667
251,29.232686134000005,1769158596177.3684,1769158596177.3506,0.017822265625,906,904,False,600.3054716522585,200.52000409279137,93.759765625
252,29.352303336999967,1769158596277.4421,1769158596277.424,0.01806640625,909,907,False,607.8974251420831,196.14867366736496,94.67805989583333
253,29.471543743999973,1769158596410.8735,1769158596410.8555,0.01806640625,913,911,False,609.3011447474075,178.93483659420855,94.86263020833333
254,29.591808194999885,1769158596544.305,1769158596544.2869,0.01806640625,917,915,False,610.2399314745286,172.59557584429524,95.197265625
255,29.712197296999875,1769158596644.3787,1769158596644.3606,0.01806640625,920,918,False,609.9589419080761,172.38547773966005,95.32194010416667
256,29.83014170299998,1769158596777.81,1769158596777.7922,0.017822265625,924,922,False,609.0829710008586,151.67008891370324,95.15592447916667
257,29.94963742599998,1769158596877.8838,1769158596877.866,0.017822265625,927,925,False,608.1108607033912,134.52451867755462,95.18619791666667
258,30.07100441900002,1769158597011.3147,1769158597011.2969,0.017822265625,931,929,False,607.6748912954303,109.41534785622804,95.2265625
259,30.191395108999814,1769158597144.7434,1769158597144.7256,0.017822265625,935,933,False,607.7530650074623,106.54927423932259,95.53190104166667
260,30.313282943999866,1769158597244.815,1769158597244.797,0.017822265625,938,936,False,605.0119067600665,103.8218356670667,95.03092447916667
261,30.43336098499981,1769158597378.2437,1769158597378.2256,0.01806640625,942,940,False,598.7664953674181,112.04713349251226,95.45865885416667
262,30.552717829999892,1769158597478.3152,1769158597478.297,0.01806640625,945,943,False,585.4190149117594,126.06485049990427,94.21744791666667
263,30.673666771999933,1769158597611.7437,1769158597611.7256,0.01806640625,949,947,False,565.6288992303562,138.68173054887652,90.93424479166667
264,30.795328638,1769158597745.172,1769158597745.154,0.01806640625,953,951,False,565.2727272727273,126.87060196920991,91.48763020833333
265,30.91528858699985,1769158597845.2434,1769158597845.2253,0.01806640625,956,954,False,579.8971893907416,117.90695514216296,92.5390625
266,31.035991866999893,1769158597978.6719,1769158597978.6538,0.01806640625,960,958,False,590.6015006151762,110.89122955701404,94.18880208333333
267,31.155593194999938,1769158598112.0996,1769158598112.0818,0.017822265625,964,962,False,594.6284286541751,107.81830113502065,94.97688802083333
268,31.272821039999826,1769158598212.1707,1769158598212.1526,0.01806640625,967,965,False,595.0324342463455,107.51488105262342,95.06412760416667
269,31.39056712499996,1769158598345.5984,1769158598345.5806,0.017822265625,971,969,False,593.7502729913673,107.76083485668723,94.79752604166667
270,31.509534852999877,1769158598445.6692,1769158598445.6514,0.017822265625,974,972,False,592.8247787855039,108.5044868778189,94.28743489583333
271,31.628968100999828,1769158598579.0972,1769158598579.079,0.01806640625,978,976,False,592.0042902936452,108.58284254346168,93.62825520833333
272,31.74973392999982,1769158598679.168,1769158598679.15,0.01806640625,981,979,False,592.9883258765997,107.10550921434641,93.857421875
273,31.86760468699981,1769158598812.5955,1769158598812.5776,0.017822265625,985,983,False,598.4920132662176,104.69061791236966,94.02799479166667
274,31.985936425999853,1769158598912.6663,1769158598912.6482,0.01806640625,988,986,False,601.1653070950987,104.0771760201336,94.25520833333333
275,32.10407670599989,1769158599046.0952,1769158599046.0771,0.01806640625,992,990,False,600.3483199487355,104.43128808934337,94.4853515625
276,32.224064853999835,1769158599179.5254,1769158599179.5073,0.01806640625,996,994,False,596.9395921841053,104.92609419094917,94.09244791666667
277,32.34285320899994,1769158599279.598,1769158599279.58,0.017822265625,999,997,False,596.76132032322,106.54924915559906,93.94401041666667
278,32.463147762999824,1769158599413.0283,1769158599413.0103,0.01806640625,1003,1001,False,598.1638964440415,107.29258285335872,93.7119140625
279,32.58428098099989,1769158599513.1008,1769158599513.0828,0.01806640625,1006,1004,False,598.7007195741509,106.94932512672347,93.86881510416667
280,32.70425236699998,1769158599646.531,1769158599646.513,0.01806640625,1010,1008,False,599.0512531827551,106.46455627686082,93.96647135416667
281,32.818341523999834,1769158599746.6038,1769158599746.5857,0.01806640625,1013,1011,False,599.2543369810942,106.4357152088845,94.02766927083333
282,32.93214387299986,1769158599880.034,1769158599880.0159,0.01806640625,1017,1015,False,600.2070930815653,106.32043925706323,94.1259765625
283,33.04632892199993,1769158599980.1064,1769158599980.0884,0.01806640625,1020,1018,False,600.3552245620832,106.08679640514052,94.10677083333333
284,33.15997831799996,1769158600113.5364,1769158600113.5183,0.01806640625,1024,1022,False,600.6805581517713,105.65417884491528,94.037109375
285,33.274689728999874,1769158600213.6086,1769158600213.5906,0.01806640625,1027,1025,False,600.915186373342,105.39644184449816,94.0634765625
286,33.38839523899992,1769158600313.681,1769158600313.663,0.017822265625,1030,1028,False,601.3242731551986,105.29945491219483,94.04947916666667
287,33.50210206199995,1769158600447.1108,1769158600447.0928,0.01806640625,1034,1032,False,601.6707898457784,105.3960411888034,94.15983072916667
288,33.61521655899992,1769158600547.183,1769158600547.165,0.01806640625,1037,1035,False,602.14836957273,105.44009751571537,94.19661458333333
289,33.72969012999988,1769158600680.6128,1769158600680.5947,0.01806640625,1041,1039,False,602.1222967882838,105.29109261108783,94.19856770833333
290,33.84347481399982,1769158600780.6848,1769158600780.667,0.017822265625,1044,1042,False,601.9464243699224,105.36128771784472,94.07942708333333
291,33.95701419299985,1769158600880.757,1769158600880.7393,0.017822265625,1047,1045,False,602.2303921230396,106.26602424602912,94.35481770833333
292,34.071620967999934,1769158601014.1873,1769158601014.1694,0.017822265625,1051,1049,False,602.7637319398328,107.71480314714768,94.31184895833333
293,34.18654464899987,1769158601114.2615,1769158601114.2434,0.01806640625,1054,1052,False,604.4382356195455,110.13608221286611,94.14453125
294,34.299817502999986,1769158601247.6936,1769158601247.6755,0.01806640625,1058,1056,False,613.1433395244663,110.37367403804176,95.34244791666667
295,34.41449652599999,1769158601347.7678,1769158601347.7498,0.01806640625,1061,1059,False,612.7238272149755,110.30240490094312,95.1552734375
296,34.528737512999896,1769158601481.2002,1769158601481.1821,0.01806640625,1065,1063,False,612.3633425874895,110.12587841170284,95.09147135416667
297,34.643763761999935,1769158601581.2744,1769158601581.2563,0.01806640625,1068,1066,False,622.7804164067267,218.0742118855699,94.96549479166667
298,34.75787986699993,1769158601681.3489,1769158601681.3308,0.01806640625,1071,1069,False,637.0247608948627,324.5827226988049,94.55013020833333
299,34.869791118999956,1769158601814.7812,1769158601814.7634,0.017822265625,1075,1073,False,636.3651744170039,319.7191559720754,94.5859375
300,34.98288968299994,1769158601914.856,1769158601914.838,0.01806640625,1078,1076,False,635.0148525551953,312.19412036053365,94.8779296875
301,35.09716081900001,1769158602048.2876,1769158602048.2695,0.01806640625,1082,1080,False,630.972105299239,291.7806290939736,94.96744791666667
302,35.21048426499988,1769158602148.3604,1769158602148.3425,0.017822265625,1085,1083,False,626.4795539670997,255.01169774234603,94.90494791666667
303,35.3403247719998,1769158602281.791,1769158602281.7732,0.017822265625,1089,1087,False,625.6411436217419,185.62268532325268,95.36588541666667
304,35.4547941039998,1769158602381.8643,1769158602381.8462,0.01806640625,1092,1090,False,625.902675204408,186.84569237589102,95.470703125
305,35.56669554299992,1769158602515.295,1769158602515.2769,0.01806640625,1096,1094,False,622.8320079965221,180.78786227760637,95.09342447916667
306,35.681015576999926,1769158602615.368,1769158602615.3499,0.01806640625,1099,1097,False,626.7630059190255,224.05745172893367,94.9775390625
307,35.792616684999984,1769158602748.7986,1769158602748.7805,0.01806640625,1103,1101,False,630.366014458293,227.8199684934071,95.14615885416667
308,35.90455136999981,1769158602848.8716,1769158602848.8538,0.017822265625,1106,1104,False,628.673955331289,222.51278208056146,95.2177734375
309,36.01729705799994,1769158602948.9448,1769158602948.9268,0.01806640625,1109,1107,False,638.6024722929728,329.953715509368,94.95865885416667
310,36.134625255999936,1769158603082.3748,1769158603082.3567,0.01806640625,1113,1111,False,639.4181103009704,334.43636347669775,95.00520833333333
311,36.24983159299995,1769158603182.447,1769158603182.429,0.01806640625,1116,1114,False,639.5754528886209,332.21136162497504,95.02083333333333
312,36.363962468999944,1769158603315.8765,1769158603315.8586,0.017822265625,1120,1118,False,639.8615292961595,334.1253610589147,95.07454427083333
313,36.479942420999805,1769158603415.9487,1769158603415.931,0.017822265625,1123,1121,False,639.7685669768124,335.0462058320244,95.47623697916667
314,36.59552325499999,1769158603549.3784,1769158603549.3604,0.01806640625,1127,1125,False,639.6559567871727,336.0162767157885,95.33723958333333
315,36.71034994499996,1769158603649.4507,1769158603649.4326,0.01806640625,1130,1128,False,639.7599941095285,336.8209247505859,95.05110677083333
316,36.82523692899986,1769158603749.523,1769158603749.505,0.01806640625,1133,1131,False,639.5498604822935,335.262981420996,95.19401041666667
317,36.940186050999955,1769158603882.9526,1769158603882.9346,0.01806640625,1137,1135,False,639.5614210168934,335.0111034392638,94.919921875
318,37.05654398699994,1769158603983.025,1769158603983.0068,0.01806640625,1140,1138,False,639.7232259520991,336.7150455402223,95.16731770833333
319,37.171011263999844,1769158604116.4553,1769158604116.4373,0.01806640625,1144,1142,False,627.9734860424004,255.77279563156745,95.01432291666667
320,37.286483495999846,1769158604216.528,1769158604216.5103,0.017822265625,1147,1145,False,616.2321409642221,145.67610715781248,95.1962890625
321,37.40291275499999,1769158604349.9585,1769158604349.9407,0.017822265625,1151,1149,False,614.6921417723247,113.66661048641363,95.37923177083333
322,37.518838921999986,1769158604450.0315,1769158604450.0134,0.01806640625,1154,1152,False,615.7271425711872,114.39157962640543,95.94759114583333
323,37.634089641999935,1769158604583.462,1769158604583.4438,0.01806640625,1158,1156,False,616.5371286122664,115.23797659892146,96.10807291666667
324,37.749517607999906,1769158604683.535,1769158604683.5168,0.01806640625,1161,1159,False,616.3537311056997,114.95178295186487,96.11360677083333
325,37.863954812999964,1769158604816.9653,1769158604816.9473,0.01806640625,1165,1163,False,615.9436294692325,114.78477793143041,96.0615234375
326,37.97893035099992,1769158604917.0383,1769158604917.0203,0.01806640625,1168,1166,False,616.9241128520691,116.21978868900017,95.96126302083333
327,38.09458513599998,1769158605050.469,1769158605050.451,0.01806640625,1172,1170,False,616.5764703885391,116.91704973753569,95.88704427083333
328,38.210904795999795,1769158605150.5425,1769158605150.5244,0.01806640625,1175,1173,False,616.5035988052576,117.2481409504411,96.01529947916667
329,38.325946208000005,1769158605250.6157,1769158605250.5977,0.01806640625,1178,1176,False,616.8089152278588,118.57407012934932,95.79524739583333
330,38.440876222999805,1769158605384.0469,1769158605384.0288,0.01806640625,1182,1180,False,616.3062895498332,118.00920106734202,95.73274739583333
331,38.55430279899997,1769158605484.1204,1769158605484.1023,0.01806640625,1185,1183,False,616.6832195906621,118.02200669054677,95.92154947916667
332,38.67004601199983,1769158605617.5515,1769158605617.5334,0.01806640625,1189,1187,False,616.3568946327616,117.99762351821755,95.63834635416667
333,38.78547187999993,1769158605717.625,1769158605717.607,0.01806640625,1192,1190,False,616.1739436356405,117.33621470696225,95.76595052083333
334,38.90122390799979,1769158605851.0564,1769158605851.0383,0.01806640625,1196,1194,False,616.3892210074123,117.29409357146424,95.78092447916667
335,39.017737161000014,1769158605951.13,1769158605951.1118,0.01806640625,1199,1197,False,616.466541622432,117.09986825730086,95.97298177083333
336,39.133593639999845,1769158606084.5579,1769158606084.5398,0.01806640625,1203,1201,False,616.3807714438441,118.21026952436438,95.6083984375
337,39.24890857499986,1769158606184.6282,1769158606184.61,0.01806640625,1206,1204,False,616.4484557780177,118.03762518637662,95.892578125
338,39.362825396999824,1769158606318.055,1769158606318.0369,0.01806640625,1210,1208,False,616.3237715361277,116.55609102193817,95.81087239583333
339,39.47744923799996,1769158606418.125,1769158606418.107,0.01806640625,1213,1211,False,616.5572281886268,118.36157951083554,95.7509765625
340,39.59256461599989,1769158606518.195,1769158606518.177,0.01806640625,1216,1214,False,616.6242199754195,118.25602130211033,95.87955729166667
341,39.708031495999876,1769158606651.6218,1769158606651.6038,0.01806640625,1220,1218,False,616.3517108266989,117.08770264666771,95.96321614583333
342,39.82313945099986,1769158606751.692,1769158606751.6738,0.01806640625,1223,1221,False,616.4840724208701,116.31723649073506,96.11783854166667
343,39.939357025999925,1769158606885.1184,1769158606885.1003,0.01806640625,1227,1225,False,616.4316303633047,116.82103357642619,96.033203125
344,40.056776264999826,1769158606985.1882,1769158606985.1704,0.017822265625,1230,1228,False,616.4084855151435,117.4216772195162,95.8818359375
345,40.17023452199987,1769158607118.6191,1769158607118.601,0.01806640625,1234,1232,False,616.4736379433712,119.20070867793893,95.537109375
346,40.28416513499997,1769158607218.6924,1769158607218.6743,0.01806640625,1237,1235,False,615.3495904716401,117.72295321534627,95.38411458333333
347,40.40338407399986,1769158607352.1233,1769158607352.1052,0.01806640625,1241,1239,False,627.2341429248295,265.7672665975699,94.810546875
348,40.518085360999976,1769158607452.1965,1769158607452.1785,0.01806640625,1244,1242,False,637.8195131489575,325.6157662898731,94.89127604166667
349,40.62775232099989,1769158607552.2698,1769158607552.2517,0.01806640625,1247,1245,False,640.0414658194566,337.4415195045308,95.08333333333333
350,40.74013214599995,1769158607685.7007,1769158607685.6829,0.017822265625,1251,1249,False,639.2061739175099,331.0859716552055,95.0634765625
351,40.85212275599997,1769158607785.774,1769158607785.756,0.017822265625,1254,1252,False,640.2403698684188,339.3608559314597,94.87467447916667
352,40.96542482699988,1769158607919.205,1769158607919.1873,0.017822265625,1258,1256,False,639.3208283066461,334.9147392879846,94.97916666666667
353,41.075583098999914,1769158608019.2776,1769158608019.2598,0.017822265625,1261,1259,False,638.722321930101,329.7996533663897,95.04036458333333
354,41.18712644099992,1769158608119.3486,1769158608119.3306,0.01806640625,1264,1262,False,629.0932435255161,263.49783433781016,95.06217447916667
355,41.29558992599982,1769158608219.4194,1769158608219.4016,0.017822265625,1267,1265,False,639.5973442847364,334.11293963419513,95.1171875
356,41.40180592799993,1769158608352.8474,1769158608352.8293,0.01806640625,1271,1269,False,628.4451005891577,277.42883726976,94.86751302083333
357,41.508988821,1769158608452.918,1769158608452.9001,0.017822265625,1274,1272,False,615.5651316283419,119.11011866036394,95.384765625
358,41.61738007099984,1769158608552.9888,1769158608552.9707,0.01806640625,1277,1275,False,617.4522201426751,121.74846312656503,96.0078125
359,41.72546577799994,1769158608653.0593,1769158608653.0415,0.017822265625,1280,1278,False,617.2931971657404,120.32604754832379,95.87858072916667
360,41.83239140699993,1769158608786.4868,1769158608786.469,0.017822265625,1284,1282,False,616.683089155662,117.49120940281334,95.96321614583333
361,41.94727040199996,1769158608886.5574,1769158608886.5396,0.017822265625,1287,1285,False,616.2522103051559,115.84066491769462,96.0595703125
362,42.063695486999904,1769158609019.9849,1769158609019.9668,0.01806640625,1291,1289,False,615.9275147677748,114.82996653500884,95.83040364583333
363,42.17777354199984,1769158609120.0554,1769158609120.0374,0.01806640625,1294,1292,False,619.8129399497444,187.6531826666268,95.21647135416667
364,42.29355924399988,1769158609220.126,1769158609220.108,0.01806640625,1297,1295,False,615.071212710367,122.33545872974311,95.435546875
365,42.41153194799995,1769158609353.5535,1769158609353.5354,0.01806640625,1301,1299,False,638.926710783525,328.9061862188954,95.08561197916667
366,42.52879595599984,1769158609453.6238,1769158609453.606,0.017822265625,1304,1302,False,621.3388171880786,203.92853809974972,94.93619791666667
367,42.645926092999844,1769158609587.051,1769158609587.033,0.01806640625,1308,1306,False,616.348961493105,140.7200556152296,95.50846354166667
368,42.76264018899997,1769158609687.1213,1769158609687.1035,0.017822265625,1311,1309,False,638.2424825759592,324.9588194038679,95.373046875
369,42.878286909999815,1769158609820.5486,1769158609820.5305,0.01806640625,1315,1313,False,640.0651777107817,337.56055903464653,95.232421875
370,42.99452617399993,1769158609920.6187,1769158609920.6008,0.017822265625,1318,1316,False,639.5799856208703,335.21960282962283,95.08138020833333
371,43.110312604,1769158610054.0469,1769158610054.0288,0.01806640625,1322,1320,False,639.3851743737858,333.9505220443858,95.0107421875
372,43.22529421899981,1769158610154.119,1769158610154.1008,0.01806640625,1325,1323,False,639.719596893605,335.04901374958047,95.19173177083333
373,43.340037833,1769158610287.5483,1769158610287.5303,0.01806640625,1329,1327,False,639.8806283223329,335.12883818129495,95.28515625
374,43.45523302699985,1769158610387.6204,1769158610387.6023,0.01806640625,1332,1330,False,640.5748169808866,337.9168211107491,95.06705729166667
375,43.570922886999824,1769158610521.0496,1769158610521.0315,0.01806640625,1336,1334,False,633.6315631173483,281.89937616811324,95.24153645833333
376,43.687460784999985,1769158610621.1216,1769158610621.1035,0.01806640625,1339,1337,False,625.9435965244963,203.48562911830209,95.2724609375
377,43.802212791999864,1769158610754.5508,1769158610754.533,0.017822265625,1343,1341,False,627.1838742469623,192.8572230392329,95.42513020833333
378,43.91893485299988,1769158610854.6228,1769158610854.6047,0.01806640625,1346,1344,False,629.1935254746619,240.01958539784553,95.32552083333333
379,44.035843042999886,1769158610988.052,1769158610988.0342,0.017822265625,1350,1348,False,633.1181168183796,299.27262266764234,95.01595052083333
380,44.15183190399989,1769158611088.1255,1769158611088.1074,0.01806640625,1353,1351,False,638.9958786781598,332.9634981751448,94.939453125
381,44.26662499299982,1769158611221.5566,1769158611221.5386,0.01806640625,1357,1355,False,639.45378773593,337.31512303837553,94.94303385416667
382,44.38211458599994,1769158611321.63,1769158611321.6118,0.01806640625,1360,1358,False,639.4657197449612,334.19178319199864,95.06315104166667
383,44.49809190699989,1769158611421.7034,1769158611421.6853,0.01806640625,1363,1361,False,639.425642185022,335.29696958315566,95.0302734375
384,44.61410646399986,1769158611555.1345,1769158611555.1165,0.01806640625,1367,1365,False,639.7278462822811,334.58543112440606,95.14192708333333
385,44.728817987999946,1769158611655.2078,1769158611655.19,0.017822265625,1370,1368,False,640.0041540526842,338.6120862229191,95.05338541666667
386,44.843619224999884,1769158611788.6392,1769158611788.621,0.01806640625,1374,1372,False,640.2667054655004,338.53243509257555,95.08626302083333
387,44.9709019689999,1769158611922.0706,1769158611922.0525,0.01806640625,1378,1376,False,639.6856326798998,335.5812256267597,95.05078125
388,45.09645508699987,1769158612022.1433,1769158612022.1252,0.01806640625,1381,1379,False,639.7153418643911,332.3241362312372,95.06217447916667
389,45.221191410999836,1769158612155.572,1769158612155.554,0.01806640625,1385,1383,False,640.1151520534561,337.2657250593433,95.28841145833333
390,45.34886065499995,1769158612289.0005,1769158612288.9824,0.01806640625,1389,1387,False,639.7466425513875,336.94458182837116,95.20963541666667
391,45.468560001000014,1769158612422.4292,1769158612422.4111,0.01806640625,1393,1391,False,639.505750082291,336.90451638180076,94.9375
392,45.588611854999954,1769158612522.5005,1769158612522.4827,0.017822265625,1396,1394,False,639.701123756891,335.95383016427655,95.18619791666667
393,45.70742836799991,1769158612655.9292,1769158612655.9111,0.01806640625,1400,1398,False,639.5049075530067,334.8843749668888,95.0185546875
394,45.825784975999795,1769158612756.0005,1769158612755.9827,0.017822265625,1403,1401,False,639.2683228155672,332.40384705283105,95.11848958333333
395,45.944682965999846,1769158612889.4292,1769158612889.4111,0.01806640625,1407,1405,False,640.123926367792,337.87384260983885,95.279296875
396,46.07068394299995,1769158613022.858,1769158613022.84,0.017822265625,1411,1409,False,639.6475819214459,335.07709266246536,95.02799479166667
397,46.196374993999825,1769158613122.9304,1769158613122.9124,0.01806640625,1414,1412,False,639.858759940103,334.0585760278074,95.21549479166667
398,46.3212601109999,1769158613256.36,1769158613256.3423,0.017822265625,1418,1416,False,639.4039538635982,333.5905556906995,95.02506510416667
399,46.4461416019999,1769158613389.79,1769158613389.772,0.01806640625,1422,1420,False,639.3399869760427,334.5454008942974,94.97721354166667
400,46.57189924599993,1769158613523.2197,1769158613523.202,0.017822265625,1426,1424,False,639.4057413872333,337.22477365262057,94.92252604166667
401,46.69585640499986,1769158613623.2922,1769158613623.2742,0.01806640625,1429,1427,False,638.0364239655272,330.0332699330386,95.25944010416667
402,46.82054498799994,1769158613756.722,1769158613756.704,0.017822265625,1433,1431,False,638.1447054282894,333.28607541105595,95.30631510416667
403,46.94499233099987,1769158613890.1519,1769158613890.1338,0.01806640625,1437,1435,False,637.6492699255892,331.4933945686105,95.10481770833333
404,47.07085427799984,1769158614023.581,1769158614023.5632,0.017822265625,1441,1439,False,638.260080658966,334.1166438239598,95.08268229166667
405,47.1969580089999,1769158614123.6519,1769158614123.6338,0.01806640625,1444,1442,False,638.0573892908035,332.2645837359764,95.03125
406,47.32209417499985,1769158614257.0793,1769158614257.0613,0.01806640625,1448,1446,False,638.1931029291509,333.17971864026003,95.1396484375
407,47.447473417999845,1769158614390.5068,1769158614390.4888,0.01806640625,1452,1450,False,637.9490679698764,332.8504113636611,95.05110677083333
408,47.57279529499988,1769158614523.934,1769158614523.916,0.01806640625,1456,1454,False,638.312781918944,335.1363609768842,95.33170572916667
409,47.69916834499986,1769158614624.0046,1769158614623.9866,0.01806640625,1459,1457,False,637.7229453201331,328.2910051091688,95.287109375
410,47.82325553399983,1769158614757.4316,1769158614757.4138,0.017822265625,1463,1461,False,638.2378155431193,335.0864109975014,95.1025390625
411,47.94785059899982,1769158614890.859,1769158614890.8408,0.01806640625,1467,1465,False,638.6073016928927,337.3925268132829,94.93196614583333
412,48.07386267999982,1769158615024.2866,1769158615024.2686,0.01806640625,1471,1469,False,638.1101654911029,334.16304055920193,95.16341145833333
413,48.19806056499988,1769158615124.3591,1769158615124.341,0.01806640625,1474,1472,False,638.1014280621409,331.8226107191231,94.96223958333333
414,48.32768915399993,1769158615257.789,1769158615257.771,0.01806640625,1478,1476,False,637.9786724663493,334.25064539753834,95.04231770833333
415,48.451491242999964,1769158615391.219,1769158615391.201,0.01806640625,1482,1480,False,638.1061319143704,333.34817930217594,95.31119791666667
416,48.574367691999896,1769158615524.649,1769158615524.6309,0.01806640625,1486,1484,False,638.0928863159409,332.2126851050895,95.08430989583333
417,48.70068030499988,1769158615624.7212,1769158615624.7034,0.017822265625,1489,1487,False,638.1323600423289,330.58262983962805,95.0517578125
418,48.824143512999854,1769158615758.1514,1769158615758.1333,0.01806640625,1493,1491,False,637.732035021572,329.1216191230223,95.14225260416667
419,48.9505340889998,1769158615891.5813,1769158615891.5632,0.01806640625,1497,1495,False,637.9479565105727,333.6254181059134,95.06022135416667
420,49.077015606999794,1769158616025.0107,1769158616024.9927,0.01806640625,1501,1499,False,638.1708421710573,332.4483246714642,95.3056640625
421,49.20097612399991,1769158616125.0818,1769158616125.0637,0.01806640625,1504,1502,False,638.2338415656017,334.8733980127231,95.177734375
422,49.32573659499985,1769158616258.5098,1769158616258.4917,0.01806640625,1508,1506,False,637.7629797843343,329.8516714791471,95.18131510416667
423,49.452022940999996,1769158616391.9377,1769158616391.9197,0.01806640625,1512,1510,False,637.8655603022208,333.2623390025665,95.17220052083333
424,49.57812691699996,1769158616525.3657,1769158616525.3477,0.01806640625,1516,1514,False,638.2446639438112,332.47312985062126,95.24251302083333
425,49.70396717199992,1769158616658.7935,1769158616658.7756,0.017822265625,1520,1518,False,637.8703749315819,329.387881883691,95.15625
426,49.82793509699991,1769158616758.8645,1769158616758.8464,0.01806640625,1523,1521,False,638.1486733151597,333.55100427372395,95.40983072916667
427,49.953850786999965,1769158616892.2922,1769158616892.2744,0.017822265625,1527,1525,False,638.3578719244153,333.42777689326795,95.22981770833333
